"CO_ENTIDADE","servicoColeta","queima","enterra","destinoFinalPublico","descartaEmOutraArea","reutiliza"
"26106442","","","","","",""
"26106450","0","1","0","0","0","1"
"26106477","0","1","0","0","0","1"
"26106582","0","1","0","0","0","0"
"26106590","","","","","",""
"26106612","0","1","0","0","0","0"
"26106620","","","","","",""
"26106647","0","1","0","0","0","0"
"26106655","0","1","0","0","0","1"
"26106671","0","1","0","0","0","0"
"26106680","0","1","0","0","0","1"
"26106698","0","1","0","0","0","1"
"26106701","0","1","0","0","0","0"
"26106728","0","1","0","0","0","0"
"26106787","0","1","0","0","0","0"
"26106809","0","0","1","0","0","1"
"26106817","","","","","",""
"26106833","0","0","1","0","0","1"
"26106841","0","1","0","0","0","1"
"26106850","","","","","",""
"26106868","0","0","1","0","0","1"
"26106922","0","1","1","0","0","0"
"26106957","0","1","0","0","0","0"
"26106981","0","1","0","0","0","1"
"26107007","0","1","0","0","0","1"
"26107023","0","1","0","0","0","1"
"26107031","0","1","0","0","0","0"
"26107040","","","","","",""
"26107074","0","1","0","0","0","0"
"26107082","0","1","0","0","0","1"
"26107104","0","1","0","0","0","1"
"26107139","0","1","0","0","0","1"
"26107147","0","1","0","0","0","0"
"26107155","0","1","0","0","0","0"
"26107163","0","1","0","0","0","1"
"26107180","","","","","",""
"26113767","","","","","",""
"26136442","0","1","0","0","0","1"
"26136639","0","1","0","0","0","1"
"26137149","0","1","0","0","0","0"
"26139960","","","","","",""
"26142112","","","","","",""
"26142120","","","","","",""
"26142686","0","0","1","0","0","1"
"26144972","0","0","1","0","0","1"
"26146240","0","1","0","0","0","1"
"26148285","0","0","1","0","0","0"
"26148293","0","0","1","0","0","1"
"26150727","","","","","",""
"26157969","0","1","0","0","0","1"
"26158140","0","1","0","0","0","0"
"26160528","0","1","0","0","0","0"
"26161559","","","","","",""
"26168561","0","1","0","0","0","0"
"26168731","0","1","0","0","0","1"
"26170817","0","1","0","0","0","1"
"26170868","0","1","0","0","0","0"
"26170876","0","1","0","0","0","1"
"26172003","","","","","",""
"26174170","0","1","0","0","0","1"
"26174189","0","1","0","0","0","0"
"26174227","0","1","0","0","0","0"
"26174243","","","","","",""
"26174251","","","","","",""
"26174359","0","1","0","0","0","1"
"26175290","","","","","",""
"26176904","","","","","",""
"26178435","0","1","0","0","0","0"
"26178443","0","1","0","0","0","9"
"26178451","0","1","0","0","0","0"
"26178460","0","1","0","0","0","0"
"26178486","0","1","0","0","0","0"
"26179261","0","1","0","0","0","1"
"26179270","0","1","0","0","0","1"
"26181860","","","","","",""
"26182238","","","","","",""
"26182890","0","1","0","0","0","0"
"26184150","0","1","0","0","0","1"
"26186713","0","1","0","0","0","0"
"26186780","0","1","0","0","0","0"
"26187442","0","1","0","0","0","1"
"26189585","0","1","0","0","0","1"
"26190834","0","1","0","0","0","1"
"26213400","0","1","0","0","0","1"
"26214202","0","1","0","0","0","0"
"26216213","0","1","0","0","0","0"
"26224607","0","1","0","0","0","1"
"26225638","0","1","0","0","0","1"
"26243601","0","1","0","0","0","1"
"26394626","0","1","0","0","0","0"
"26400618","0","1","0","0","0","1"
"26437732","0","1","0","0","0","1"
"26455749","","","","","",""
"26521733","","","","","",""
"26107210","0","1","0","0","0","0"
"26107236","","","","","",""
"26107252","0","1","0","0","0","1"
"26107295","","","","","",""
"26107309","","","","","",""
"26107317","","","","","",""
"26107341","","","","","",""
"26107368","","","","","",""
"26107384","","","","","",""
"26107406","","","","","",""
"26107414","","","","","",""
"26107449","0","1","0","0","0","0"
"26107465","","","","","",""
"26107503","0","1","0","0","0","0"
"26107546","0","1","0","0","0","1"
"26107562","0","1","0","0","0","1"
"26107570","0","1","0","0","0","0"
"26107597","0","1","0","0","0","1"
"26107600","0","1","0","0","0","1"
"26107627","0","1","0","0","0","1"
"26107635","0","1","0","0","0","1"
"26107651","0","1","0","0","0","0"
"26107678","0","1","0","0","0","1"
"26107686","0","1","0","0","0","0"
"26107708","0","1","0","0","0","1"
"26107724","0","1","0","0","0","0"
"26107732","0","1","0","0","0","1"
"26107759","0","1","0","0","0","0"
"26107767","0","1","0","0","0","0"
"26107783","0","1","0","0","0","0"
"26107791","0","1","0","0","0","1"
"26107821","0","1","0","0","0","1"
"26107830","0","1","0","0","0","0"
"26107848","0","1","0","0","0","0"
"26107856","0","1","0","0","0","0"
"26107864","0","1","0","0","0","0"
"26107872","0","1","0","0","0","1"
"26107880","0","1","0","0","0","0"
"26107899","0","1","0","0","0","1"
"26107902","0","1","0","0","0","0"
"26107910","","","","","",""
"26107937","0","1","0","0","0","0"
"26107945","0","1","0","0","0","1"
"26107961","0","1","0","0","0","0"
"26107970","","","","","",""
"26107988","","","","","",""
"26107996","0","1","0","0","0","1"
"26108003","0","1","0","0","0","1"
"26108020","","","","","",""
"26108038","1","1","0","0","0","1"
"26108046","0","1","0","0","0","1"
"26108054","0","1","0","0","0","0"
"26108062","0","1","0","0","0","0"
"26108070","0","1","0","0","0","0"
"26108119","0","1","0","0","0","0"
"26108232","0","1","0","0","0","0"
"26108240","0","1","0","0","0","1"
"26108267","0","1","0","0","0","0"
"26108275","","","","","",""
"26108291","0","1","0","0","0","1"
"26108305","","","","","",""
"26108313","","","","","",""
"26108321","","","","","",""
"26108372","","","","","",""
"26108380","","","","","",""
"26133091","","","","","",""
"26133121","0","1","0","0","0","1"
"26133229","","","","","",""
"26138182","0","1","0","0","0","1"
"26138204","","","","","",""
"26138212","0","1","0","0","0","1"
"26138220","0","1","0","0","0","1"
"26138280","0","1","0","0","0","0"
"26138310","","","","","",""
"26141507","0","1","0","0","0","0"
"26144050","0","1","0","0","0","0"
"26144069","0","1","0","0","0","0"
"26145049","","","","","",""
"26145057","","","","","",""
"26145065","0","1","0","0","0","1"
"26145073","","","","","",""
"26147670","","","","","",""
"26147688","0","1","0","0","0","0"
"26147807","","","","","",""
"26153696","0","1","0","0","0","0"
"26153785","0","1","0","0","0","0"
"26157683","","","","","",""
"26162334","","","","","",""
"26163047","0","1","0","0","0","0"
"26163411","0","1","0","0","0","0"
"26163454","0","1","0","0","0","1"
"26163470","","","","","",""
"26163659","","","","","",""
"26164566","","","","","",""
"26165112","0","1","0","0","0","0"
"26165260","0","1","0","0","0","1"
"26167450","","","","","",""
"26167476","","","","","",""
"26171236","","","","","",""
"26174570","0","1","0","0","0","1"
"26174588","0","1","0","0","0","0"
"26174634","","","","","",""
"26174642","","","","","",""
"26174650","0","1","0","0","0","0"
"26174669","","","","","",""
"26174677","0","1","0","0","0","1"
"26174693","0","1","0","0","0","0"
"26176246","0","1","0","0","0","1"
"26177455","","","","","",""
"26177463","","","","","",""
"26177471","0","1","0","0","0","0"
"26178885","","","","","",""
"26179350","0","1","0","0","0","0"
"26180065","0","1","0","0","0","0"
"26180715","0","1","0","0","0","1"
"26181169","0","1","0","0","0","1"
"26181452","0","1","0","0","0","0"
"26182076","0","1","0","0","0","1"
"26182726","","","","","",""
"26182947","0","1","0","0","0","0"
"26184826","0","1","0","0","0","1"
"26189267","0","1","0","0","0","0"
"26189550","","","","","",""
"26191750","0","1","0","0","0","0"
"26205807","","","","","",""
"26206803","0","1","0","0","0","1"
"26234610","0","1","0","0","0","0"
"26260603","","","","","",""
"26301628","0","1","0","0","0","9"
"26303620","0","1","0","0","0","0"
"26413817","0","1","0","0","0","1"
"26443740","0","1","0","0","0","0"
"26471710","","","","","",""
"26510715","0","1","0","0","0","9"
"26522713","0","1","0","0","0","0"
"26525968","","","","","",""
"26529823","","","","","",""
"26108437","","","","","",""
"26108461","0","1","0","0","0","1"
"26108470","","","","","",""
"26108496","0","1","0","0","0","0"
"26108500","0","1","0","0","0","1"
"26108518","","","","","",""
"26108526","0","1","0","0","0","0"
"26108550","0","1","0","0","0","0"
"26108569","","","","","",""
"26108577","0","1","0","0","0","1"
"26108585","0","1","0","0","0","1"
"26108593","0","1","0","0","0","1"
"26108607","","","","","",""
"26108623","","","","","",""
"26108631","0","1","0","0","0","0"
"26108682","0","1","0","0","0","1"
"26108712","","","","","",""
"26108739","0","1","0","0","0","0"
"26108763","0","1","0","0","0","1"
"26108771","","","","","",""
"26108801","0","1","0","0","0","1"
"26108844","0","1","0","0","0","0"
"26108860","","","","","",""
"26108895","0","1","0","0","0","0"
"26108909","0","1","0","0","0","0"
"26108917","0","1","0","0","0","0"
"26108925","0","1","0","0","0","0"
"26108941","","","","","",""
"26108950","0","1","0","0","0","0"
"26108968","0","1","0","0","0","0"
"26108976","0","1","0","0","0","0"
"26108984","0","1","0","0","0","0"
"26108992","0","1","0","0","0","0"
"26109000","0","1","0","0","0","0"
"26109026","0","1","0","0","0","0"
"26109042","0","1","1","0","0","0"
"26109069","0","1","0","0","0","1"
"26109077","0","1","0","0","0","1"
"26109107","0","1","0","0","0","0"
"26109115","0","1","0","0","0","0"
"26109140","0","1","0","0","0","0"
"26109166","0","1","0","0","0","0"
"26109190","0","1","0","0","0","1"
"26109212","0","1","0","0","0","0"
"26109220","0","1","0","0","0","0"
"26109239","0","1","0","0","0","0"
"26109247","0","1","0","0","0","9"
"26109255","0","1","0","0","0","0"
"26109271","0","1","0","0","0","0"
"26109280","0","1","0","0","0","1"
"26109298","0","1","0","0","0","0"
"26109310","0","1","0","0","0","0"
"26109328","0","1","0","0","0","0"
"26109344","0","1","0","0","0","0"
"26109360","0","1","0","0","0","0"
"26109379","","","","","",""
"26109387","","","","","",""
"26109417","0","1","0","0","0","0"
"26109425","0","1","0","0","0","0"
"26109441","0","1","0","0","0","0"
"26109468","0","1","0","0","0","0"
"26109476","0","1","0","0","0","1"
"26109484","0","1","0","0","0","0"
"26109506","0","1","0","0","0","1"
"26109530","0","1","0","0","0","0"
"26109549","0","1","0","0","0","0"
"26109581","0","1","0","0","0","0"
"26109590","","","","","",""
"26109603","0","1","0","0","0","1"
"26109620","0","1","0","0","0","0"
"26109662","","","","","",""
"26109689","0","1","0","0","0","0"
"26109743","0","1","0","0","0","0"
"26109760","","","","","",""
"26109786","0","1","0","0","0","1"
"26109794","0","1","0","0","0","0"
"26109867","0","1","0","0","0","0"
"26109875","0","1","0","0","0","0"
"26109891","0","1","0","0","0","0"
"26109905","0","1","0","0","0","0"
"26109921","","","","","",""
"26109930","","","","","",""
"26109956","0","1","0","0","0","0"
"26109964","0","1","0","0","0","1"
"26109972","0","1","0","0","0","0"
"26109980","0","1","0","0","0","0"
"26110016","0","1","0","0","0","0"
"26110032","","","","","",""
"26110059","","","","","",""
"26110067","","","","","",""
"26110083","","","","","",""
"26110091","0","1","1","0","0","0"
"26110105","0","1","0","0","0","1"
"26110113","","","","","",""
"26110130","0","1","0","0","0","0"
"26110148","0","1","0","0","0","0"
"26110156","0","1","0","0","0","0"
"26110180","","","","","",""
"26110199","0","1","0","0","0","0"
"26110202","0","1","0","0","0","0"
"26110210","0","1","0","0","0","1"
"26110229","0","1","0","0","0","0"
"26110237","0","1","0","0","0","0"
"26110245","0","1","0","0","0","0"
"26110261","0","1","0","0","0","1"
"26110270","0","1","0","0","0","0"
"26110300","","","","","",""
"26110326","0","1","0","0","0","0"
"26110334","0","1","0","0","0","0"
"26110342","0","1","0","0","0","0"
"26110369","0","1","0","0","0","0"
"26110385","1","1","0","0","0","0"
"26110407","","","","","",""
"26110423","0","1","0","0","0","1"
"26110431","","","","","",""
"26110512","","","","","",""
"26110547","0","1","0","0","0","0"
"26110555","","","","","",""
"26110580","0","1","0","0","0","0"
"26110598","0","1","0","0","0","1"
"26110601","","","","","",""
"26110610","0","1","0","0","0","1"
"26110652","0","1","0","0","0","0"
"26110660","0","1","0","0","0","0"
"26110687","","","","","",""
"26110709","","","","","",""
"26110725","0","1","0","0","0","0"
"26110750","0","1","0","0","0","1"
"26110776","","","","","",""
"26110792","","","","","",""
"26110806","0","1","0","0","0","1"
"26110814","0","1","0","0","0","0"
"26110822","0","1","0","0","0","1"
"26110830","","","","","",""
"26110849","0","1","0","0","0","1"
"26110857","0","1","0","0","0","0"
"26110873","0","1","0","0","0","0"
"26110881","0","1","0","0","0","1"
"26110911","0","1","0","0","0","0"
"26110920","0","1","0","0","0","0"
"26110938","","","","","",""
"26110954","","","","","",""
"26110962","0","1","0","0","0","0"
"26110970","0","1","0","0","0","1"
"26110997","0","1","0","0","0","1"
"26111012","0","1","0","0","0","0"
"26111020","0","1","0","0","0","1"
"26111039","0","1","0","0","0","0"
"26111063","0","1","0","0","0","0"
"26111071","0","1","0","0","0","1"
"26111080","0","1","0","0","0","1"
"26111101","0","1","0","0","0","0"
"26111110","0","1","0","0","0","0"
"26111128","","","","","",""
"26111152","0","1","0","0","0","0"
"26111179","0","1","0","0","0","0"
"26111195","0","1","0","0","0","0"
"26111209","0","1","0","0","0","1"
"26111225","0","1","0","0","0","0"
"26111233","0","1","0","0","0","1"
"26111241","0","1","0","0","0","0"
"26111268","0","1","0","0","0","1"
"26111284","0","1","0","0","0","0"
"26111292","0","1","0","0","0","0"
"26111306","0","1","0","0","0","1"
"26111314","0","1","0","0","0","1"
"26111322","0","1","0","0","0","1"
"26111330","0","1","0","0","0","1"
"26111349","0","1","0","0","0","0"
"26111357","0","1","0","0","0","1"
"26111373","0","1","0","0","0","1"
"26111381","0","1","0","0","0","1"
"26111403","0","1","0","0","0","1"
"26111411","0","1","0","0","0","1"
"26111420","0","1","0","0","0","0"
"26111446","0","1","0","0","0","0"
"26111454","","","","","",""
"26111470","","","","","",""
"26111497","0","1","0","0","0","1"
"26111519","","","","","",""
"26111527","0","1","0","0","0","1"
"26111543","0","1","0","0","0","0"
"26111560","","","","","",""
"26111578","0","1","0","0","0","0"
"26111594","","","","","",""
"26111632","0","1","0","0","0","1"
"26111640","0","1","0","0","0","1"
"26111659","0","1","0","0","0","0"
"26111713","0","1","0","0","0","0"
"26111730","","","","","",""
"26111748","0","1","0","0","0","0"
"26111764","","","","","",""
"26111772","0","1","0","0","0","1"
"26111780","","","","","",""
"26111799","","","","","",""
"26115786","0","1","0","0","0","1"
"26132478","","","","","",""
"26132532","0","1","0","0","0","0"
"26133113","","","","","",""
"26133172","","","","","",""
"26133180","","","","","",""
"26133210","0","1","0","0","0","1"
"26133765","0","1","0","0","0","9"
"26133783","0","1","0","0","0","0"
"26134425","","","","","",""
"26137658","","","","","",""
"26137674","","","","","",""
"26137682","0","1","0","0","0","0"
"26137690","0","1","0","0","0","1"
"26137739","0","1","0","0","0","0"
"26137747","0","1","0","0","0","0"
"26137755","0","1","0","0","0","0"
"26137950","0","1","0","0","0","0"
"26138441","0","1","0","0","0","0"
"26138450","","","","","",""
"26138468","","","","","",""
"26138565","0","1","0","0","0","0"
"26138573","","","","","",""
"26138590","0","1","0","0","0","1"
"26138638","0","1","0","0","0","1"
"26138654","0","1","0","0","0","0"
"26138662","0","1","0","0","0","1"
"26138697","","","","","",""
"26138700","","","","","",""
"26138719","","","","","",""
"26139111","","","","","",""
"26139138","","","","","",""
"26139146","0","1","0","0","0","0"
"26139154","0","1","0","0","0","0"
"26139162","","","","","",""
"26139170","","","","","",""
"26139383","","","","","",""
"26139766","0","1","0","0","0","0"
"26139774","","","","","",""
"26139936","","","","","",""
"26139944","","","","","",""
"26139952","0","1","0","0","0","1"
"26139987","0","1","0","0","0","0"
"26140004","","","","","",""
"26141825","","","","","",""
"26144441","","","","","",""
"26144689","0","1","0","0","0","0"
"26144735","0","1","0","0","0","0"
"26144808","","","","","",""
"26144867","0","1","0","0","0","0"
"26145146","0","1","0","0","0","0"
"26146282","0","1","0","0","0","0"
"26146290","0","1","0","0","0","1"
"26147580","0","1","0","0","0","1"
"26147610","0","1","0","0","0","0"
"26147840","0","1","0","0","0","1"
"26154048","","","","","",""
"26154102","","","","","",""
"26154110","","","","","",""
"26155028","0","1","0","0","0","0"
"26155036","0","1","0","0","0","1"
"26155044","0","1","0","0","0","1"
"26156261","0","1","0","0","0","1"
"26156270","0","1","0","0","0","0"
"26156288","0","1","0","0","0","0"
"26156580","0","1","0","0","0","1"
"26156881","","","","","",""
"26156903","","","","","",""
"26157241","","","","","",""
"26157250","","","","","",""
"26157276","0","1","0","0","0","0"
"26157373","0","1","0","0","0","0"
"26157446","0","1","0","0","0","0"
"26157870","","","","","",""
"26158116","0","1","0","0","0","0"
"26159686","","","","","",""
"26160552","","","","","",""
"26160595","0","1","0","0","0","0"
"26160625","","","","","",""
"26161044","","","","","",""
"26161532","","","","","",""
"26161567","0","1","0","0","0","1"
"26161583","0","1","0","0","0","1"
"26161605","","","","","",""
"26161621","","","","","",""
"26161648","","","","","",""
"26161702","","","","","",""
"26161729","","","","","",""
"26161745","","","","","",""
"26161761","","","","","",""
"26161770","","","","","",""
"26161834","","","","","",""
"26161885","","","","","",""
"26161940","","","","","",""
"26163187","","","","","",""
"26163250","","","","","",""
"26163292","","","","","",""
"26163330","","","","","",""
"26163349","","","","","",""
"26163365","","","","","",""
"26163527","","","","","",""
"26163810","","","","","",""
"26164140","","","","","",""
"26164159","","","","","",""
"26164167","0","1","0","0","0","0"
"26164175","","","","","",""
"26164256","0","1","0","0","0","0"
"26164647","","","","","",""
"26164663","","","","","",""
"26165040","","","","","",""
"26165082","","","","","",""
"26165090","","","","","",""
"26165104","","","","","",""
"26165163","","","","","",""
"26165317","0","1","0","0","0","1"
"26167301","0","1","0","0","0","1"
"26167310","0","1","0","0","0","1"
"26167328","","","","","",""
"26167344","","","","","",""
"26167360","","","","","",""
"26167387","","","","","",""
"26167409","","","","","",""
"26167417","","","","","",""
"26167425","","","","","",""
"26167468","","","","","",""
"26167484","","","","","",""
"26167492","0","1","0","0","0","1"
"26167565","0","1","0","0","0","0"
"26168243","0","1","0","0","0","1"
"26168944","0","1","0","0","0","1"
"26171252","","","","","",""
"26171260","","","","","",""
"26171279","0","1","0","0","0","9"
"26171287","0","1","0","0","0","1"
"26171295","","","","","",""
"26171309","","","","","",""
"26171317","","","","","",""
"26171325","","","","","",""
"26171333","","","","","",""
"26171341","","","","","",""
"26171350","","","","","",""
"26171376","","","","","",""
"26171384","","","","","",""
"26171392","","","","","",""
"26171414","0","1","0","0","0","0"
"26171430","0","1","0","0","0","0"
"26171449","","","","","",""
"26171457","0","1","0","0","0","0"
"26171481","","","","","",""
"26171490","0","1","0","0","0","0"
"26171546","0","1","0","0","0","0"
"26171554","0","1","0","0","0","0"
"26172011","0","1","0","0","0","0"
"26172089","","","","","",""
"26172097","0","1","0","0","0","0"
"26174707","0","1","0","0","0","0"
"26174715","1","1","0","0","0","0"
"26174723","0","1","0","0","0","0"
"26174731","0","1","0","0","0","0"
"26174740","0","1","0","0","0","0"
"26174758","0","1","0","0","0","1"
"26174812","0","1","0","0","0","0"
"26174820","","","","","",""
"26174839","","","","","",""
"26174847","0","1","0","0","0","0"
"26174855","","","","","",""
"26174863","0","1","0","0","0","1"
"26174871","0","1","0","0","0","1"
"26174880","","","","","",""
"26174898","","","","","",""
"26174901","","","","","",""
"26174910","0","1","0","0","0","0"
"26174928","","","","","",""
"26174936","","","","","",""
"26174952","0","1","0","0","1","0"
"26174960","","","","","",""
"26174979","0","1","0","0","0","1"
"26175002","","","","","",""
"26175010","0","1","0","0","0","0"
"26175037","","","","","",""
"26175045","0","1","0","0","0","1"
"26175053","0","1","0","0","0","0"
"26175061","0","1","0","0","0","1"
"26175070","0","1","0","0","0","0"
"26175088","","","","","",""
"26175096","0","1","0","0","0","0"
"26175100","","","","","",""
"26175118","0","1","0","0","0","0"
"26175126","","","","","",""
"26175142","","","","","",""
"26175169","","","","","",""
"26175185","0","1","0","0","0","0"
"26175193","0","1","0","0","0","1"
"26175207","0","1","0","0","0","0"
"26175215","0","1","0","0","0","1"
"26175223","0","1","0","0","0","1"
"26175231","","","","","",""
"26175240","0","1","0","0","0","1"
"26175258","","","","","",""
"26175266","0","1","0","0","0","0"
"26175282","0","1","0","0","0","0"
"26175304","","","","","",""
"26177218","","","","","",""
"26177226","0","1","0","0","0","1"
"26177242","","","","","",""
"26177250","","","","","",""
"26177277","0","1","0","0","0","0"
"26177293","","","","","",""
"26177307","0","1","0","0","0","0"
"26177315","","","","","",""
"26177323","0","1","0","0","0","1"
"26177331","","","","","",""
"26177340","0","1","0","0","0","1"
"26177358","","","","","",""
"26177510","0","1","0","0","0","1"
"26177528","1","1","0","0","0","0"
"26177536","0","1","0","0","0","9"
"26177544","","","","","",""
"26177560","0","1","0","0","0","0"
"26177579","0","1","0","0","0","0"
"26177587","0","1","0","0","0","0"
"26177595","0","1","0","0","0","0"
"26177692","0","1","0","0","0","1"
"26177765","","","","","",""
"26177773","","","","","",""
"26177854","","","","","",""
"26177889","","","","","",""
"26177897","0","1","0","0","0","1"
"26178036","0","1","0","0","0","0"
"26178052","0","0","1","0","0","0"
"26178893","0","1","0","0","0","1"
"26178915","","","","","",""
"26178923","","","","","",""
"26179040","","","","","",""
"26179563","0","1","0","0","0","1"
"26179571","0","1","0","0","0","0"
"26179601","0","1","0","0","0","1"
"26180138","0","1","0","0","0","0"
"26180723","0","1","0","0","0","9"
"26180731","0","1","0","0","0","0"
"26180782","","","","","",""
"26180790","","","","","",""
"26181207","","","","","",""
"26181380","0","1","0","0","0","9"
"26181460","","","","","",""
"26181746","","","","","",""
"26182050","0","1","0","0","0","1"
"26182068","0","1","0","0","0","1"
"26182246","0","1","0","0","0","0"
"26182904","0","1","0","0","0","0"
"26183110","0","1","0","0","0","0"
"26183129","0","1","0","0","0","0"
"26183137","0","1","0","0","0","0"
"26183145","0","1","0","0","0","0"
"26183188","","","","","",""
"26183374","0","1","0","0","0","0"
"26183579","","","","","",""
"26183838","0","1","0","0","0","0"
"26184222","0","1","0","0","0","1"
"26184257","","","","","",""
"26184630","","","","","",""
"26184761","0","1","0","0","0","1"
"26185393","0","1","0","0","0","1"
"26185407","0","1","0","0","0","1"
"26185652","0","1","0","0","0","1"
"26185946","0","1","0","0","0","1"
"26185962","0","1","0","0","0","1"
"26186063","0","1","0","0","0","0"
"26186071","0","1","0","0","0","0"
"26186080","0","1","0","0","0","0"
"26186098","0","1","0","0","0","0"
"26186101","0","1","0","0","0","0"
"26186292","0","1","0","0","0","0"
"26186306","0","1","0","0","0","0"
"26186853","0","1","0","0","0","0"
"26187060","0","1","0","0","0","1"
"26187078","0","1","0","0","0","0"
"26187370","","","","","",""
"26187663","0","1","0","0","0","1"
"26188120","0","1","0","0","1","0"
"26188139","0","1","0","0","0","0"
"26188147","0","1","0","0","0","0"
"26188155","0","1","0","0","0","0"
"26188333","0","1","0","0","0","0"
"26188767","0","1","0","0","0","1"
"26189070","0","1","0","0","0","1"
"26189534","","","","","",""
"26190168","0","1","0","0","0","0"
"26190346","0","1","0","0","0","1"
"26190478","0","1","0","0","0","1"
"26190788","0","1","0","0","0","0"
"26191237","0","1","0","0","0","1"
"26191296","0","1","0","0","0","1"
"26191300","0","1","0","0","0","0"
"26191334","0","1","0","0","0","1"
"26191423","0","1","0","0","0","0"
"26191660","0","1","0","0","0","1"
"26198401","","","","","",""
"26215209","0","1","0","0","0","0"
"26234629","","","","","",""
"26234637","0","1","0","0","0","1"
"26237610","0","1","0","0","0","1"
"26238616","0","1","0","0","0","1"
"26238624","","","","","",""
"26239604","0","1","0","0","0","1"
"26253607","0","1","0","0","0","0"
"26257602","","","","","",""
"26258609","0","1","0","0","0","9"
"26261600","","","","","",""
"26264609","0","1","0","0","0","0"
"26267608","0","1","0","0","0","0"
"26268604","","","","","",""
"26277603","0","1","0","0","0","0"
"26282607","","","","","",""
"26282615","0","1","0","0","0","0"
"26283603","0","1","0","0","0","1"
"26285606","","","","","",""
"26291606","0","1","0","0","0","0"
"26292602","0","0","0","0","1","0"
"26293609","0","1","0","0","0","1"
"26294613","","","","","",""
"26306611","","","","","",""
"26307618","","","","","",""
"26328615","0","1","0","0","0","9"
"26346613","0","1","0","0","0","1"
"26352613","0","1","0","0","0","0"
"26353610","0","1","0","0","0","1"
"26380617","0","1","0","0","0","0"
"26389614","","","","","",""
"26390612","0","1","0","0","0","0"
"26393611","0","1","0","0","0","1"
"26396610","0","1","0","0","0","0"
"26397617","","","","","",""
"26402610","","","","","",""
"26408627","","","","","",""
"26409712","","","","","",""
"26409720","","","","","",""
"26409739","","","","","",""
"26410737","","","","","",""
"26412713","0","1","0","0","0","0"
"26413710","","","","","",""
"26413736","","","","","",""
"26413752","0","1","0","0","0","0"
"26413825","0","1","0","0","0","1"
"26413833","0","1","0","0","0","0"
"26413841","","","","","",""
"26414716","","","","","",""
"26414732","0","1","0","0","0","0"
"26414740","0","1","0","0","0","0"
"26415720","0","1","0","0","0","1"
"26416719","0","1","0","0","0","0"
"26417723","","","","","",""
"26419807","","","","","",""
"26429713","0","1","0","0","0","0"
"26430711","0","1","0","0","0","1"
"26431718","","","","","",""
"26436736","","","","","",""
"26436752","","","","","",""
"26436760","0","1","0","0","0","0"
"26436779","","","","","",""
"26439727","","","","","",""
"26444712","0","1","0","0","0","0"
"26452715","","","","","",""
"26459710","","","","","",""
"26459728","0","1","0","0","0","1"
"26461765","0","1","0","0","0","0"
"26463725","0","1","0","0","0","0"
"26469723","","","","","",""
"26471728","","","","","",""
"26471736","0","1","0","0","0","1"
"26476711","0","1","0","0","0","1"
"26476720","0","1","0","0","0","1"
"26485737","0","1","0","0","0","0"
"26504715","","","","","",""
"26508710","","","","","",""
"26513730","","","","","",""
"26515725","","","","","",""
"26523710","","","","","",""
"26525771","0","1","0","0","0","9"
"26525828","0","1","0","0","0","0"
"26525887","0","1","0","0","0","9"
"26525909","0","1","0","0","0","0"
"26525917","","","","","",""
"26529769","0","1","0","0","0","1"
"26529807","0","1","0","0","0","1"
"26529815","0","1","0","0","0","0"
"26533715","0","1","0","0","0","0"
"26534720","","","","","",""
"26541734","0","1","0","0","0","1"
"26541742","","","","","",""
"26545713","","","","","",""
"26545730","","","","","",""
"26111837","0","1","0","0","0","1"
"26111853","0","1","0","0","0","1"
"26111870","0","1","0","0","0","0"
"26111888","","","","","",""
"26111900","0","1","0","0","0","0"
"26111926","0","1","0","0","0","1"
"26111934","","","","","",""
"26111942","0","1","0","0","0","1"
"26111950","0","1","0","0","0","1"
"26111969","0","1","0","0","0","1"
"26111977","0","1","0","0","0","1"
"26111985","0","1","0","0","0","0"
"26111993","0","1","0","0","0","1"
"26112019","","","","","",""
"26112027","","","","","",""
"26112043","","","","","",""
"26112051","0","1","0","0","0","1"
"26112060","0","0","0","1","0","1"
"26112086","0","0","0","1","0","1"
"26112094","","","","","",""
"26112108","0","1","0","0","0","1"
"26112116","","","","","",""
"26112124","","","","","",""
"26112132","0","1","0","1","0","1"
"26112140","","","","","",""
"26112159","","","","","",""
"26112167","","","","","",""
"26112175","","","","","",""
"26112183","0","1","0","0","0","1"
"26112191","","","","","",""
"26112221","0","1","0","0","0","1"
"26112230","","","","","",""
"26112248","","","","","",""
"26112272","","","","","",""
"26112302","0","1","0","0","0","1"
"26112329","0","1","0","0","0","1"
"26112345","0","1","0","0","0","0"
"26112353","0","1","0","0","0","1"
"26112361","0","1","0","0","0","1"
"26112370","","","","","",""
"26112396","1","0","1","1","0","1"
"26112426","0","1","0","0","0","0"
"26112450","","","","","",""
"26112477","","","","","",""
"26112485","0","1","0","0","0","0"
"26112493","0","1","0","0","0","0"
"26138107","0","1","0","0","0","0"
"26138816","","","","","",""
"26145111","0","1","0","0","0","1"
"26147645","","","","","",""
"26147653","0","1","0","0","0","1"
"26154005","","","","","",""
"26167352","0","1","0","0","0","0"
"26171210","","","","","",""
"26177374","","","","","",""
"26185970","0","1","0","0","0","0"
"26191741","0","1","0","0","0","1"
"26210002","0","1","0","0","0","0"
"26229609","0","1","0","0","0","1"
"26239612","","","","","",""
"26269600","0","1","0","0","0","1"
"26270617","0","1","0","0","0","1"
"26272601","0","1","0","0","0","1"
"26299607","0","1","0","0","0","1"
"26308614","","","","","",""
"26409747","0","1","0","0","0","1"
"26410710","0","1","0","0","0","1"
"26410729","0","1","0","0","0","1"
"26412721","0","1","0","0","0","0"
"26413728","0","1","0","0","0","9"
"26413850","0","1","0","0","0","0"
"26415712","","","","","",""
"26417715","0","1","0","0","0","0"
"26448726","0","1","0","0","0","1"
"26461757","0","1","0","0","0","0"
"26525895","","","","","",""
"26112531","0","1","0","0","0","0"
"26112558","0","1","1","0","0","0"
"26112566","0","1","0","0","0","0"
"26112574","0","1","0","0","0","0"
"26112582","0","1","0","0","0","0"
"26112590","","","","","",""
"26112604","","","","","",""
"26112612","0","1","0","0","0","0"
"26112620","0","1","0","0","0","1"
"26112655","0","1","0","0","0","0"
"26112663","0","1","0","0","0","1"
"26112680","0","1","0","0","0","0"
"26112701","0","1","0","0","0","1"
"26112728","","","","","",""
"26112752","","","","","",""
"26112779","0","1","0","0","0","1"
"26112795","","","","","",""
"26112850","","","","","",""
"26112868","","","","","",""
"26112876","","","","","",""
"26112906","","","","","",""
"26112930","","","","","",""
"26112973","","","","","",""
"26112990","","","","","",""
"26113007","","","","","",""
"26113066","0","1","0","0","0","0"
"26113074","0","1","0","0","0","0"
"26113139","0","1","0","0","0","1"
"26113171","0","1","0","0","0","1"
"26113198","0","1","0","0","0","1"
"26113210","0","1","0","0","0","0"
"26113236","0","1","0","0","0","0"
"26113260","0","1","0","0","0","1"
"26113279","0","1","0","0","0","0"
"26113295","0","1","0","0","0","1"
"26113309","0","1","0","0","0","1"
"26113325","0","1","0","0","0","1"
"26113333","0","1","0","0","0","1"
"26113350","0","1","0","0","0","1"
"26113368","0","1","0","0","0","0"
"26113392","0","1","0","0","0","1"
"26113414","0","1","0","0","0","1"
"26113449","0","1","0","0","0","0"
"26113473","0","1","0","0","0","1"
"26113481","0","1","0","0","0","0"
"26113520","0","1","0","0","0","1"
"26113538","0","1","0","0","0","0"
"26113546","0","1","0","0","0","1"
"26113562","0","1","0","0","0","0"
"26113570","","","","","",""
"26113619","0","1","0","0","0","1"
"26113635","0","1","0","0","0","0"
"26113643","0","1","0","0","0","1"
"26113651","","","","","",""
"26113660","0","1","0","0","0","1"
"26113686","","","","","",""
"26113724","0","1","0","0","0","0"
"26113783","0","1","0","0","0","1"
"26113805","0","1","0","0","0","1"
"26113813","0","1","0","0","0","0"
"26113830","0","1","0","0","0","0"
"26113856","0","1","0","0","0","0"
"26113872","0","1","0","0","0","0"
"26113880","0","1","0","0","0","0"
"26113910","","","","","",""
"26113929","0","1","0","0","0","0"
"26113945","0","1","0","0","0","1"
"26113953","0","1","0","0","0","1"
"26113988","0","1","0","0","0","1"
"26114003","0","1","0","0","0","1"
"26114038","0","1","0","0","0","1"
"26114054","0","1","0","0","0","0"
"26114070","0","1","0","0","0","1"
"26114089","0","1","0","0","0","1"
"26114127","","","","","",""
"26114135","0","1","0","0","0","0"
"26114143","0","1","0","0","0","0"
"26114178","0","1","0","0","0","0"
"26114186","0","1","0","0","0","0"
"26114208","","","","","",""
"26114216","0","1","0","0","0","1"
"26114224","0","1","0","0","0","0"
"26114232","0","1","0","0","0","1"
"26114240","0","1","0","0","0","1"
"26114267","0","1","0","0","0","0"
"26114275","0","1","0","0","0","1"
"26114283","0","1","0","0","0","1"
"26114291","0","1","0","0","0","1"
"26114305","0","1","0","0","0","0"
"26114313","0","1","0","0","0","0"
"26114364","0","1","0","0","0","0"
"26114380","0","1","0","0","0","1"
"26114402","0","1","0","0","0","1"
"26114410","0","1","0","0","0","1"
"26114437","0","1","0","0","0","1"
"26114488","0","1","0","0","0","0"
"26114496","0","1","0","0","0","0"
"26114518","","","","","",""
"26114542","0","1","0","0","0","1"
"26114607","0","1","0","0","0","1"
"26114640","0","1","0","0","0","0"
"26114658","0","1","0","0","0","1"
"26114674","0","1","0","0","0","1"
"26114682","0","1","0","0","0","1"
"26114690","0","1","0","0","0","1"
"26114704","","","","","",""
"26114720","0","1","0","0","0","0"
"26114739","0","1","0","0","0","1"
"26114771","0","1","0","0","0","1"
"26114810","","","","","",""
"26114852","0","1","0","0","0","0"
"26114860","0","1","0","0","0","0"
"26114909","0","1","0","0","0","1"
"26114917","0","1","0","0","0","1"
"26114925","","","","","",""
"26114950","0","1","0","0","0","1"
"26114968","0","1","0","0","0","1"
"26114976","0","1","0","0","0","1"
"26114984","0","1","0","0","0","1"
"26115000","","","","","",""
"26115034","","","","","",""
"26115050","0","1","0","0","0","0"
"26115069","0","1","0","0","0","0"
"26115085","0","1","0","0","0","1"
"26115123","","","","","",""
"26115131","","","","","",""
"26115212","0","1","0","0","0","1"
"26115255","0","1","0","0","0","0"
"26115263","","","","","",""
"26115271","0","1","0","0","0","0"
"26115301","0","1","0","0","0","0"
"26115328","0","1","0","0","0","0"
"26115336","","","","","",""
"26115344","0","1","0","0","0","0"
"26115352","0","1","0","0","0","0"
"26115379","0","1","0","0","0","0"
"26115409","0","1","0","0","0","0"
"26133342","0","1","0","0","0","1"
"26134590","0","1","0","0","0","0"
"26134644","","","","","",""
"26134655","","","","","",""
"26134673","0","1","0","0","0","0"
"26134680","0","1","0","0","0","0"
"26134691","0","1","0","0","0","0"
"26134704","0","1","0","0","0","1"
"26134710","0","1","0","0","0","0"
"26134721","","","","","",""
"26134739","","","","","",""
"26134774","","","","","",""
"26134792","","","","","",""
"26135465","0","1","0","0","0","1"
"26135472","0","1","0","0","0","1"
"26135490","0","1","0","0","0","0"
"26135543","0","1","0","0","0","1"
"26135555","0","1","0","0","0","0"
"26135590","0","1","0","0","0","1"
"26135806","0","1","0","0","0","1"
"26135811","0","1","0","0","0","0"
"26136455","0","1","0","0","0","1"
"26136460","0","1","0","0","0","1"
"26136502","0","1","0","0","0","1"
"26136538","0","1","0","0","0","1"
"26137120","","","","","",""
"26137190","0","1","0","0","0","0"
"26137917","0","1","0","0","0","0"
"26137929","","","","","",""
"26137935","0","1","0","0","0","1"
"26137968","0","1","0","0","0","0"
"26138530","","","","","",""
"26138611","0","1","0","0","0","0"
"26142708","0","1","0","0","0","9"
"26142716","0","1","0","0","0","0"
"26142724","0","1","0","0","0","1"
"26144948","0","1","0","0","0","0"
"26144964","0","1","0","0","0","1"
"26145871","0","1","0","0","0","1"
"26146231","","","","","",""
"26146258","0","1","0","0","0","0"
"26146312","","","","","",""
"26146320","","","","","",""
"26147556","","","","","",""
"26150085","0","1","0","0","0","9"
"26150131","0","1","0","0","0","0"
"26150166","0","1","0","0","0","0"
"26150280","0","1","0","0","0","0"
"26150514","","","","","",""
"26150662","0","1","0","0","0","1"
"26150751","0","1","0","0","0","1"
"26150760","0","1","0","0","0","1"
"26155702","0","1","0","0","0","1"
"26155753","0","1","0","0","0","1"
"26157292","0","1","0","0","0","0"
"26157314","","","","","",""
"26157993","","","","","",""
"26158841","","","","","",""
"26160323","0","1","0","0","0","0"
"26160374","0","1","0","0","0","1"
"26160382","","","","","",""
"26160390","0","1","0","0","0","1"
"26160420","","","","","",""
"26161796","","","","","",""
"26162210","0","1","0","0","0","0"
"26162237","0","1","0","0","0","1"
"26162326","","","","","",""
"26162628","","","","","",""
"26162644","1","1","0","0","0","9"
"26163195","","","","","",""
"26164485","","","","","",""
"26166259","0","1","0","0","0","1"
"26168626","0","1","0","0","0","1"
"26168634","0","1","0","0","0","1"
"26168642","0","1","0","0","0","1"
"26168650","","","","","",""
"26168669","0","1","0","0","0","1"
"26168685","","","","","",""
"26168707","0","1","0","0","0","0"
"26168715","0","1","0","0","0","0"
"26168740","","","","","",""
"26168839","0","1","0","0","0","1"
"26170833","0","1","0","0","0","0"
"26170841","","","","","",""
"26170957","0","1","0","0","0","1"
"26170965","0","1","0","0","0","1"
"26171023","","","","","",""
"26171031","","","","","",""
"26171058","","","","","",""
"26171082","0","1","0","0","0","0"
"26171597","0","1","0","0","0","0"
"26173883","0","1","0","0","0","1"
"26173905","0","1","0","0","0","1"
"26173930","0","1","0","0","0","1"
"26173972","0","1","0","0","0","1"
"26173980","","","","","",""
"26173999","0","1","0","0","0","0"
"26174006","","","","","",""
"26174014","","","","","",""
"26174022","","","","","",""
"26174030","0","1","0","0","0","0"
"26174049","0","1","0","0","0","0"
"26174057","","","","","",""
"26174065","","","","","",""
"26174073","","","","","",""
"26174081","0","1","0","0","0","1"
"26176920","0","1","0","0","0","0"
"26176939","","","","","",""
"26176955","0","1","0","0","0","1"
"26176963","0","1","0","0","0","0"
"26177803","","","","","",""
"26177862","","","","","",""
"26179288","0","1","1","0","0","1"
"26179393","0","1","0","0","0","0"
"26179407","0","1","0","0","0","0"
"26179431","0","1","0","0","0","1"
"26179458","0","1","0","0","0","0"
"26180022","0","1","0","0","0","0"
"26180987","0","1","0","0","0","1"
"26181185","","","","","",""
"26181827","","","","","",""
"26181991","0","1","0","0","0","1"
"26182009","0","1","0","0","0","1"
"26182920","0","1","0","0","0","1"
"26182955","","","","","",""
"26183099","","","","","",""
"26183811","0","1","0","0","0","0"
"26184702","","","","","",""
"26184788","0","1","0","0","0","1"
"26184869","","","","","",""
"26185016","0","1","0","0","0","1"
"26185083","","","","","",""
"26185091","0","1","0","0","0","0"
"26185989","0","1","0","0","0","1"
"26185997","0","1","0","0","0","1"
"26186314","0","1","0","0","0","0"
"26186900","0","1","0","0","0","1"
"26187841","0","1","0","0","0","1"
"26188503","0","1","0","0","0","0"
"26188511","0","1","0","0","0","0"
"26188619","0","1","0","0","0","1"
"26188864","0","1","0","0","0","1"
"26188899","0","1","0","0","0","1"
"26188902","0","1","0","0","0","1"
"26188910","0","1","0","0","0","1"
"26188929","0","1","0","0","0","1"
"26188961","0","1","0","0","0","1"
"26189577","0","1","0","0","0","0"
"26190494","0","1","0","0","0","1"
"26190737","0","1","0","0","0","0"
"26191075","0","1","0","0","0","1"
"26191148","0","1","0","0","0","1"
"26191253","0","1","0","0","0","1"
"26191652","0","1","0","0","0","0"
"26205009","0","1","0","0","0","0"
"26210401","0","1","0","0","0","0"
"26212005","1","1","0","0","0","0"
"26216000","","","","","",""
"26216205","","","","","",""
"26216400","0","1","0","0","0","1"
"26216604","0","1","0","0","0","0"
"26223619","0","1","0","0","0","0"
"26224631","0","0","0","0","1","1"
"26224658","0","1","0","0","0","1"
"26225603","0","1","0","0","0","1"
"26225611","0","1","0","0","0","0"
"26226600","0","1","0","0","0","0"
"26227606","0","1","0","0","0","1"
"26228602","0","1","0","0","0","1"
"26251604","","","","","",""
"26274604","0","1","0","0","0","1"
"26275600","","","","","",""
"26290600","0","1","0","0","0","0"
"26320614","0","1","0","0","0","1"
"26325616","0","1","0","0","0","0"
"26385619","","","","","",""
"26394618","0","1","0","0","0","1"
"26399610","","","","","",""
"26413892","0","1","0","0","0","0"
"26447711","0","1","0","0","0","1"
"26500710","","","","","",""
"26521725","","","","","",""
"26529742","0","1","0","0","0","0"
"26529750","","","","","",""
"26115441","0","1","0","0","0","1"
"26115450","0","1","0","0","0","0"
"26115476","0","1","0","0","0","0"
"26115530","0","1","0","0","0","0"
"26115557","0","1","0","0","0","1"
"26115654","","","","","",""
"26115662","0","1","0","0","0","1"
"26115700","0","1","0","0","0","1"
"26115760","","","","","",""
"26115808","0","1","0","0","0","0"
"26115824","0","1","0","0","0","1"
"26115840","","","","","",""
"26115883","0","1","0","0","0","0"
"26115913","0","1","0","0","0","1"
"26115930","0","1","0","0","0","1"
"26115964","0","1","0","0","0","0"
"26115972","0","1","0","0","0","1"
"26115999","0","1","0","0","0","0"
"26116014","0","1","0","0","0","1"
"26116057","0","1","0","0","0","0"
"26116081","0","1","0","0","0","0"
"26116120","0","1","0","0","0","0"
"26116154","0","1","0","0","0","0"
"26116162","0","1","0","0","0","0"
"26116197","0","1","0","0","0","0"
"26116235","0","1","0","0","0","0"
"26116243","0","1","0","0","0","0"
"26116251","0","1","0","0","0","0"
"26116260","0","1","0","0","0","0"
"26116278","0","1","0","0","0","0"
"26116286","0","1","0","0","0","0"
"26116308","0","1","0","0","0","1"
"26116316","0","1","0","0","0","0"
"26116324","0","1","0","0","0","1"
"26116359","0","1","0","0","0","0"
"26116367","0","1","0","0","0","1"
"26116383","0","1","0","0","0","0"
"26116391","0","1","0","0","0","0"
"26116413","0","1","0","0","0","0"
"26116456","","","","","",""
"26116472","0","1","0","0","0","1"
"26116499","0","1","0","0","0","0"
"26116510","0","1","0","0","0","0"
"26116529","0","1","0","0","0","0"
"26116537","0","1","0","0","0","0"
"26116596","0","1","0","0","0","0"
"26116618","0","1","0","0","0","0"
"26116626","","","","","",""
"26116634","0","1","0","0","0","0"
"26116669","0","1","0","0","0","1"
"26116693","","","","","",""
"26116707","","","","","",""
"26116715","0","1","0","0","0","0"
"26116740","0","1","0","0","0","0"
"26116766","0","1","0","0","0","0"
"26116790","0","1","0","0","0","1"
"26116804","0","1","0","0","0","0"
"26116812","0","1","0","0","0","0"
"26116820","0","1","0","0","0","0"
"26116839","0","1","0","0","0","0"
"26116847","0","1","0","0","0","0"
"26116880","0","1","0","0","0","0"
"26116901","0","1","0","0","0","0"
"26116910","0","1","0","0","0","0"
"26116952","0","1","0","0","0","0"
"26116979","","","","","",""
"26116987","0","1","0","0","0","0"
"26117010","0","1","0","0","0","1"
"26117037","","","","","",""
"26117045","0","1","0","0","0","0"
"26117053","0","1","0","0","0","0"
"26117088","0","1","0","0","0","1"
"26117096","","","","","",""
"26117126","0","1","0","0","0","1"
"26117142","","","","","",""
"26117150","","","","","",""
"26117177","0","1","0","0","0","1"
"26117215","0","1","0","0","0","0"
"26117258","0","1","0","0","0","1"
"26117274","0","1","0","0","0","1"
"26117282","0","1","0","0","0","1"
"26117290","0","1","0","0","0","1"
"26117304","","","","","",""
"26117339","0","1","0","0","0","0"
"26117347","","","","","",""
"26117380","0","1","0","0","0","0"
"26117410","0","1","0","0","0","0"
"26117436","0","1","0","0","0","0"
"26117444","","","","","",""
"26117509","0","1","0","0","0","1"
"26117525","0","1","1","0","0","0"
"26133865","0","1","1","0","0","0"
"26134553","0","1","0","0","0","0"
"26134619","0","1","0","0","0","1"
"26134810","","","","","",""
"26135006","0","1","0","0","0","1"
"26135013","0","1","0","0","0","1"
"26135050","","","","","",""
"26135710","","","","","",""
"26135728","0","1","0","0","0","0"
"26135739","","","","","",""
"26136489","0","1","0","0","0","0"
"26136549","0","1","0","0","0","0"
"26136879","0","1","0","0","0","1"
"26137023","","","","","",""
"26137226","0","1","0","0","0","0"
"26137255","0","1","0","0","0","1"
"26137708","","","","","",""
"26137852","0","1","0","0","0","1"
"26137941","0","1","0","0","0","1"
"26137984","0","1","0","0","0","0"
"26139251","","","","","",""
"26141469","","","","","",""
"26141477","0","1","0","0","0","1"
"26142104","","","","","",""
"26149567","","","","","",""
"26150107","0","1","0","0","0","1"
"26150115","0","1","0","0","0","0"
"26150123","","","","","",""
"26150140","","","","","",""
"26150247","0","1","0","0","0","0"
"26150484","","","","","",""
"26150492","","","","","",""
"26150557","","","","","",""
"26150565","0","1","0","0","0","1"
"26150581","0","1","0","0","0","1"
"26150590","","","","","",""
"26150603","0","1","0","0","0","0"
"26151731","","","","","",""
"26151740","","","","","",""
"26151758","","","","","",""
"26151766","","","","","",""
"26157136","","","","","",""
"26157152","","","","","",""
"26157160","0","1","0","0","0","0"
"26157233","0","1","0","0","0","1"
"26157284","0","1","0","0","0","0"
"26157675","","","","","",""
"26160404","0","1","0","0","0","1"
"26160501","","","","","",""
"26160510","","","","","",""
"26160536","0","1","0","0","0","1"
"26162130","0","1","0","0","0","0"
"26162695","0","1","0","0","0","1"
"26164671","","","","","",""
"26165058","","","","","",""
"26165252","","","","","",""
"26168545","","","","","",""
"26168812","0","1","0","0","0","0"
"26168901","","","","","",""
"26170230","0","1","0","0","0","0"
"26170892","","","","","",""
"26170906","0","1","0","0","0","0"
"26170922","0","1","0","0","0","0"
"26170930","","","","","",""
"26170949","","","","","",""
"26170981","0","1","0","0","0","1"
"26170990","","","","","",""
"26171007","0","1","0","0","0","0"
"26171015","","","","","",""
"26171066","","","","","",""
"26171074","","","","","",""
"26171104","0","1","0","0","0","9"
"26171112","0","1","0","0","0","0"
"26171139","","","","","",""
"26171155","0","1","0","0","0","1"
"26171953","","","","","",""
"26173247","","","","","",""
"26173778","0","1","0","0","0","1"
"26174260","0","1","0","0","0","0"
"26174286","0","1","0","0","0","0"
"26174294","","","","","",""
"26174324","0","1","0","0","0","1"
"26174332","","","","","",""
"26174340","","","","","",""
"26174367","","","","","",""
"26174375","","","","","",""
"26174383","0","1","0","0","0","0"
"26174391","0","1","0","0","0","1"
"26176890","0","1","0","0","0","1"
"26176971","0","1","0","0","0","1"
"26176980","0","1","0","0","0","1"
"26176998","","","","","",""
"26177005","0","1","0","0","0","0"
"26178494","","","","","",""
"26178524","0","1","0","0","0","1"
"26179172","0","1","0","0","0","0"
"26179199","0","1","0","0","0","1"
"26179202","","","","","",""
"26179237","0","1","0","0","0","0"
"26179342","0","1","0","0","0","0"
"26179369","0","1","0","0","0","1"
"26179385","","","","","",""
"26179423","0","1","0","0","0","1"
"26179466","0","1","0","0","0","0"
"26179679","0","1","0","0","0","1"
"26179792","0","1","0","0","0","1"
"26180073","","","","","",""
"26180880","0","1","0","0","0","1"
"26181223","0","1","0","0","0","0"
"26181282","0","1","0","0","0","0"
"26182017","","","","","",""
"26182157","0","1","0","0","0","1"
"26182211","0","1","0","0","0","1"
"26182556","0","1","0","0","0","0"
"26182564","0","1","0","0","0","0"
"26182580","0","1","0","0","0","0"
"26183587","0","1","0","0","0","1"
"26183706","","","","","",""
"26184001","","","","","",""
"26184168","0","1","0","0","0","0"
"26184311","0","1","0","0","0","9"
"26184524","0","1","0","0","0","0"
"26184532","0","1","0","0","0","0"
"26184605","0","1","0","0","0","1"
"26184680","0","1","0","0","0","1"
"26186268","","","","","",""
"26187418","0","1","0","0","0","0"
"26188546","0","1","0","0","0","0"
"26188589","0","1","0","0","0","0"
"26188600","0","1","0","0","0","0"
"26188660","0","1","0","0","0","0"
"26188678","0","1","0","0","0","0"
"26188686","0","1","0","0","0","0"
"26188694","0","1","0","0","0","0"
"26188708","0","1","0","0","0","0"
"26188716","0","1","0","0","0","0"
"26188724","0","1","0","0","0","0"
"26188732","0","1","0","0","0","0"
"26188759","0","1","0","0","0","0"
"26190265","0","1","0","0","0","1"
"26190290","0","1","0","0","0","0"
"26190320","0","1","0","0","0","9"
"26190486","0","1","0","0","0","0"
"26191024","0","1","0","0","0","1"
"26191644","0","1","0","0","0","1"
"26191849","","","","","",""
"26204800","0","1","0","0","0","0"
"26207001","","","","","",""
"26214407","0","1","0","0","0","0"
"26223600","","","","","",""
"26224640","","","","","",""
"26224666","","","","","",""
"26225620","","","","","",""
"26244608","0","1","0","0","0","0"
"26248603","","","","","",""
"26250608","0","1","0","0","0","1"
"26276607","","","","","",""
"26286602","0","1","0","0","0","1"
"26302616","","","","","",""
"26331616","0","1","0","0","0","1"
"26355612","","","","","",""
"26399628","0","1","0","0","0","0"
"26439735","0","1","0","0","0","0"
"26440725","","","","","",""
"26445719","","","","","",""
"26445743","0","1","0","0","0","1"
"26446715","","","","","",""
"26453720","0","1","0","0","0","1"
"26455730","","","","","",""
"26457725","0","1","0","0","0","0"
"26458713","0","1","0","0","0","1"
"26461722","0","1","0","0","0","1"
"26461730","0","1","0","0","0","0"
"26110504","0","1","0","0","0","0"
"26117541","0","1","0","0","0","1"
"26117576","0","1","0","0","0","1"
"26117584","0","1","0","0","0","0"
"26117673","0","1","0","0","0","0"
"26117711","0","1","0","0","0","1"
"26117797","0","1","0","0","0","0"
"26117800","","","","","",""
"26117827","","","","","",""
"26117835","","","","","",""
"26117894","","","","","",""
"26117908","","","","","",""
"26117916","0","1","0","0","0","0"
"26117975","0","1","0","0","0","1"
"26117991","0","1","0","0","0","0"
"26118041","0","1","0","0","0","1"
"26118050","","","","","",""
"26118084","","","","","",""
"26118114","","","","","",""
"26118149","0","1","0","0","0","0"
"26118165","0","1","0","0","0","1"
"26118181","0","1","0","0","0","1"
"26118190","0","1","0","0","0","0"
"26118211","0","1","0","0","0","0"
"26118262","0","1","0","0","0","0"
"26118270","0","1","0","0","0","1"
"26118327","0","1","0","0","0","0"
"26118360","0","1","0","0","0","0"
"26118378","0","1","0","0","0","1"
"26118424","0","1","0","0","0","1"
"26118432","","","","","",""
"26118483","","","","","",""
"26118645","0","1","0","0","0","0"
"26118661","0","1","0","0","0","9"
"26118670","0","1","0","0","0","0"
"26118696","","","","","",""
"26118700","","","","","",""
"26118734","0","1","0","0","0","0"
"26118742","0","1","0","0","0","1"
"26118823","","","","","",""
"26118955","0","1","0","0","0","0"
"26118963","0","1","0","0","0","1"
"26119129","0","1","0","0","0","0"
"26119145","0","1","0","0","0","1"
"26119170","0","1","0","0","0","0"
"26119196","0","1","0","0","0","0"
"26119200","0","1","0","0","0","1"
"26119218","0","1","0","0","0","0"
"26119242","0","1","0","0","0","0"
"26119269","0","1","0","0","0","1"
"26119293","0","1","0","0","0","1"
"26119331","0","1","0","0","0","0"
"26119471","0","1","0","0","0","0"
"26119617","0","1","0","0","0","1"
"26119641","0","1","0","0","0","0"
"26119650","0","1","0","0","0","0"
"26119706","","","","","",""
"26119714","0","1","0","0","0","0"
"26119730","0","1","0","0","0","1"
"26119862","0","1","0","0","0","1"
"26119889","","","","","",""
"26119897","0","1","0","0","0","0"
"26119927","0","1","0","0","0","0"
"26119935","0","1","0","0","0","1"
"26119943","0","1","0","0","0","0"
"26119978","0","1","0","0","0","0"
"26119986","0","1","0","0","0","0"
"26119994","0","1","0","0","0","0"
"26120100","0","1","0","0","0","0"
"26120151","0","1","0","0","0","0"
"26120208","0","1","0","0","0","0"
"26120224","0","1","0","0","0","0"
"26120267","","","","","",""
"26120283","0","1","0","0","0","0"
"26120372","","","","","",""
"26120402","0","1","0","0","0","0"
"26120429","0","1","0","0","0","0"
"26120437","","","","","",""
"26120500","","","","","",""
"26120534","0","1","0","0","0","1"
"26120569","0","1","0","0","0","0"
"26120585","0","1","0","0","0","1"
"26120607","0","1","0","0","0","0"
"26120658","0","1","0","0","0","0"
"26120674","0","1","0","0","0","1"
"26120682","0","1","0","0","0","0"
"26120704","0","1","0","0","0","0"
"26120712","0","1","0","0","0","0"
"26120720","0","1","0","0","0","0"
"26120763","0","1","0","0","0","0"
"26120771","0","1","0","0","0","0"
"26120780","0","1","0","0","0","1"
"26120801","0","1","0","0","0","0"
"26120810","0","1","0","0","0","0"
"26120879","0","1","0","0","0","0"
"26120895","","","","","",""
"26120917","0","1","0","0","0","1"
"26120925","0","1","0","0","0","1"
"26120968","0","1","0","0","0","0"
"26120992","0","1","0","0","0","0"
"26121050","0","1","0","0","0","1"
"26121077","0","1","0","0","0","1"
"26121158","0","1","0","0","0","0"
"26121182","0","1","0","0","0","0"
"26121190","0","1","0","0","0","1"
"26121247","0","1","0","0","0","0"
"26121255","0","1","0","0","0","0"
"26121310","0","1","0","0","0","0"
"26121328","0","1","0","0","0","0"
"26121344","0","1","0","0","0","0"
"26121360","","","","","",""
"26121379","0","1","0","0","0","0"
"26121395","","","","","",""
"26121468","0","1","0","0","0","1"
"26121484","0","1","0","0","0","1"
"26121506","0","1","0","0","0","0"
"26121514","0","1","0","0","0","0"
"26121530","","","","","",""
"26121557","","","","","",""
"26121611","0","1","0","0","0","1"
"26121620","0","1","0","0","0","1"
"26121638","0","1","0","0","0","0"
"26121654","0","1","0","0","0","0"
"26121662","0","1","0","0","0","0"
"26121670","0","1","0","0","0","1"
"26121751","0","1","0","0","0","0"
"26121760","","","","","",""
"26121786","0","1","0","0","0","0"
"26121794","","","","","",""
"26121808","","","","","",""
"26121816","0","1","0","0","0","1"
"26121824","0","1","0","0","0","1"
"26121859","0","1","0","0","0","0"
"26121867","0","1","0","0","0","0"
"26121891","0","1","0","0","0","0"
"26121913","0","1","0","0","0","0"
"26121921","0","1","0","0","0","0"
"26121948","0","1","0","0","0","1"
"26121972","0","0","0","0","0","0"
"26121980","0","1","0","0","0","1"
"26122014","0","1","0","0","0","0"
"26122022","0","1","0","0","0","0"
"26122030","0","1","0","0","0","0"
"26122081","0","1","0","0","1","0"
"26122090","0","1","0","0","0","0"
"26122120","0","1","0","0","0","0"
"26122138","","","","","",""
"26122154","0","1","0","0","0","0"
"26122162","0","1","0","0","0","0"
"26122170","0","1","0","0","0","0"
"26122189","0","1","0","0","0","1"
"26122200","0","1","0","0","0","0"
"26122219","0","1","0","0","0","1"
"26122227","0","1","0","0","0","1"
"26122235","0","1","0","0","0","1"
"26122260","0","1","0","0","0","1"
"26122278","0","1","0","0","0","1"
"26122308","0","1","0","0","0","1"
"26122332","0","1","0","0","0","1"
"26122359","0","1","0","0","0","0"
"26122367","0","1","0","0","0","0"
"26122405","0","1","0","0","0","1"
"26122413","0","1","0","0","0","0"
"26122421","","","","","",""
"26122456","","","","","",""
"26122464","0","1","0","0","0","0"
"26122510","0","1","0","0","0","1"
"26122529","0","1","0","0","0","0"
"26122545","0","1","0","0","0","0"
"26122553","0","1","0","0","0","0"
"26122570","0","1","0","0","0","1"
"26122600","0","1","0","0","0","0"
"26122618","0","1","0","0","0","1"
"26122634","0","1","0","0","0","0"
"26122669","0","1","0","0","0","1"
"26122677","0","1","0","0","0","0"
"26122685","0","1","0","0","0","0"
"26122715","0","1","0","0","0","1"
"26122774","","","","","",""
"26122782","0","1","0","0","0","1"
"26122839","0","1","0","0","0","0"
"26122847","0","1","0","0","0","0"
"26122855","0","1","0","0","0","0"
"26122880","0","1","0","0","0","0"
"26122898","0","1","0","0","0","0"
"26122952","0","1","0","0","0","0"
"26122960","0","1","0","0","0","0"
"26122979","0","1","0","0","0","1"
"26122987","0","1","0","0","0","0"
"26123061","0","1","0","0","0","0"
"26123088","0","1","0","0","0","0"
"26123100","0","1","0","0","0","0"
"26123126","0","1","0","0","0","1"
"26123150","0","1","0","0","0","0"
"26123177","0","1","0","0","0","0"
"26123185","0","1","0","0","0","0"
"26123231","0","1","0","0","0","0"
"26123240","0","1","0","0","0","0"
"26123258","0","1","0","0","0","0"
"26123266","0","1","0","0","0","1"
"26123282","0","1","0","0","0","0"
"26123304","0","1","0","0","0","0"
"26123380","0","1","0","0","0","1"
"26123444","0","1","0","0","0","1"
"26123452","","","","","",""
"26123479","0","1","0","0","0","0"
"26123487","0","1","0","0","0","0"
"26123495","0","1","0","0","0","0"
"26123509","0","1","0","0","0","0"
"26123517","0","1","0","0","0","0"
"26123525","0","1","0","0","0","0"
"26123533","0","1","0","0","0","0"
"26123541","0","1","0","0","0","0"
"26123550","0","1","0","0","0","1"
"26123576","0","1","0","0","0","0"
"26123584","0","1","0","0","0","0"
"26123592","0","1","0","0","0","0"
"26123630","0","1","0","0","0","0"
"26123649","0","1","0","0","0","1"
"26123673","0","1","0","0","0","0"
"26123703","0","1","0","0","0","0"
"26123720","0","1","0","0","0","0"
"26123746","0","1","0","0","0","0"
"26123754","0","1","0","0","0","1"
"26123770","0","1","0","0","0","0"
"26123800","0","1","0","0","0","0"
"26123819","0","1","0","0","0","0"
"26123843","","","","","",""
"26123851","0","1","0","0","0","1"
"26123924","0","1","0","0","0","1"
"26123932","","","","","",""
"26123940","","","","","",""
"26123959","","","","","",""
"26124017","0","1","0","0","0","0"
"26124033","0","1","0","0","0","0"
"26124076","0","0","0","0","0","0"
"26124092","0","1","0","0","0","0"
"26124106","0","1","0","0","0","1"
"26124114","0","1","0","0","0","0"
"26124165","0","1","0","0","0","0"
"26124173","0","1","0","0","0","1"
"26124190","0","1","0","0","0","0"
"26124220","0","1","0","0","0","1"
"26124297","0","1","0","0","0","0"
"26124378","0","1","0","0","0","1"
"26124394","0","1","0","0","0","0"
"26124408","","","","","",""
"26124424","0","1","0","0","0","0"
"26124432","0","1","0","0","0","0"
"26124440","0","1","0","0","0","0"
"26124467","0","1","0","0","0","1"
"26124475","0","1","0","0","0","0"
"26124483","0","1","0","0","0","0"
"26124513","0","1","0","0","0","0"
"26124530","","","","","",""
"26124556","0","1","0","0","0","1"
"26124572","0","1","0","0","0","0"
"26124580","0","1","0","0","0","0"
"26124599","0","1","0","0","0","0"
"26124602","0","1","0","0","0","0"
"26124610","0","1","0","0","0","0"
"26124645","0","1","0","0","0","0"
"26124653","0","1","0","0","0","0"
"26124661","0","1","0","0","0","1"
"26124670","0","1","0","0","0","0"
"26124688","0","1","0","0","0","1"
"26124696","0","1","0","0","0","0"
"26124700","0","1","0","0","0","0"
"26124777","0","1","0","0","0","0"
"26124785","0","1","0","0","0","0"
"26124807","0","1","0","0","0","0"
"26124815","0","1","0","0","0","0"
"26124831","0","1","0","0","0","0"
"26124840","0","1","0","0","0","0"
"26124858","0","1","0","0","0","0"
"26124874","0","1","0","0","0","0"
"26124904","0","1","0","0","0","0"
"26124912","0","1","0","0","0","0"
"26124920","0","1","0","0","0","0"
"26124939","0","1","0","0","0","0"
"26124955","0","1","0","0","0","1"
"26124963","","","","","",""
"26124998","","","","","",""
"26125005","","","","","",""
"26125013","0","1","0","0","0","0"
"26125048","0","1","0","0","0","0"
"26125056","0","1","0","0","0","1"
"26125072","0","1","0","0","0","0"
"26125080","0","1","0","0","0","1"
"26125099","0","1","0","0","0","0"
"26125137","0","1","0","0","0","0"
"26125218","0","1","0","0","0","1"
"26125234","0","1","0","0","0","0"
"26125242","0","1","0","0","0","0"
"26125250","0","1","0","0","0","0"
"26125277","0","1","0","0","0","1"
"26125293","0","1","0","0","0","0"
"26125358","0","1","0","0","0","0"
"26125404","0","1","0","0","0","0"
"26125447","0","1","0","0","0","0"
"26125471","","","","","",""
"26125480","0","1","0","0","0","0"
"26125510","0","1","0","0","0","0"
"26125528","0","1","0","0","0","0"
"26125544","0","1","0","0","0","1"
"26125552","0","1","0","0","0","1"
"26125560","0","1","0","0","0","1"
"26125579","0","1","0","0","0","0"
"26125587","","","","","",""
"26125595","0","1","0","0","0","9"
"26125617","","","","","",""
"26125625","0","1","0","0","0","0"
"26125641","0","1","0","0","0","0"
"26125650","0","1","0","0","0","0"
"26125668","0","1","0","0","0","0"
"26125692","0","1","0","0","0","0"
"26125706","0","1","0","0","0","1"
"26125757","0","1","0","0","0","0"
"26125765","0","1","0","0","0","1"
"26125781","0","1","0","0","0","0"
"26125790","","","","","",""
"26125811","0","1","0","0","0","0"
"26125820","0","1","0","0","0","1"
"26125854","0","1","0","0","0","0"
"26125870","0","1","0","0","0","0"
"26125900","0","1","0","0","0","1"
"26125927","0","1","0","0","0","1"
"26125943","0","1","0","0","0","0"
"26125978","0","1","0","0","0","1"
"26125986","0","1","0","0","0","0"
"26125994","0","1","0","0","0","1"
"26126010","0","1","0","0","0","1"
"26126044","0","1","0","0","0","1"
"26126052","0","1","0","0","0","0"
"26126060","0","1","0","0","0","1"
"26126079","0","1","0","0","0","0"
"26126087","0","1","0","0","0","0"
"26126109","0","1","0","0","0","1"
"26126117","0","1","0","0","0","1"
"26126125","0","1","0","0","0","0"
"26126133","0","1","0","0","0","1"
"26126141","0","1","0","0","0","0"
"26126150","0","1","0","0","0","0"
"26126192","0","1","0","0","0","1"
"26126206","0","1","0","0","0","1"
"26126214","0","1","0","0","0","0"
"26126230","0","1","0","0","0","1"
"26126281","0","1","0","0","0","0"
"26126290","0","1","0","0","0","0"
"26126311","0","1","0","0","0","1"
"26126362","0","1","0","0","0","0"
"26126370","0","1","0","0","0","1"
"26126389","0","1","0","0","0","0"
"26126419","0","1","0","0","0","0"
"26126427","0","1","0","0","0","0"
"26126435","0","1","0","0","0","1"
"26126443","0","1","0","0","0","1"
"26126451","0","1","0","0","0","0"
"26126460","0","1","0","0","0","0"
"26126486","0","1","0","0","0","0"
"26126494","0","1","0","0","0","0"
"26126508","","","","","",""
"26126516","0","1","0","0","0","1"
"26126524","0","1","0","0","0","0"
"26126559","0","1","0","0","0","0"
"26126575","0","1","0","0","0","1"
"26126583","0","1","0","0","0","0"
"26126605","0","1","0","0","0","1"
"26126613","0","1","0","0","0","1"
"26126621","0","1","0","0","0","1"
"26126630","0","1","0","0","0","1"
"26126672","0","1","0","0","0","1"
"26126680","0","1","0","0","0","1"
"26126702","","","","","",""
"26126753","0","1","0","0","0","0"
"26126770","0","1","0","0","0","0"
"26126788","0","1","0","0","0","0"
"26126818","0","1","0","0","0","0"
"26126826","0","1","0","0","0","0"
"26126869","0","1","0","0","0","0"
"26126893","0","1","0","0","0","1"
"26126966","0","1","0","0","0","0"
"26127008","0","1","0","0","0","1"
"26127016","0","1","0","0","0","0"
"26127024","0","1","0","0","0","1"
"26127083","0","1","0","0","0","1"
"26127091","0","1","0","0","0","1"
"26127105","0","1","0","0","0","0"
"26127148","","","","","",""
"26127202","","","","","",""
"26127237","0","1","0","0","0","0"
"26127253","","","","","",""
"26127261","","","","","",""
"26127270","","","","","",""
"26127300","0","1","0","0","0","0"
"26127334","0","1","0","0","0","0"
"26127369","0","1","0","0","0","0"
"26127377","0","1","0","0","0","0"
"26127415","0","1","0","0","0","0"
"26127423","0","1","0","0","0","0"
"26127431","0","1","0","0","0","0"
"26127458","0","1","0","0","0","0"
"26127474","0","1","0","0","0","1"
"26127512","0","1","0","0","0","1"
"26127520","0","1","0","0","0","0"
"26127539","0","1","0","0","0","0"
"26127547","0","1","0","0","0","0"
"26127563","0","1","0","0","0","0"
"26127571","0","1","0","0","0","1"
"26127580","0","1","0","0","0","1"
"26127636","0","1","0","0","0","0"
"26127644","0","1","0","0","0","0"
"26127679","0","1","0","0","0","0"
"26127695","0","1","0","0","0","1"
"26127741","0","1","0","0","0","0"
"26127750","0","1","0","0","0","1"
"26127784","0","1","0","0","0","0"
"26127792","0","1","0","0","0","1"
"26127830","","","","","",""
"26127857","0","1","0","0","0","0"
"26127865","0","1","0","0","0","0"
"26127873","0","1","0","0","0","0"
"26127890","0","1","0","0","0","0"
"26127903","0","1","0","0","0","0"
"26127911","0","1","0","0","0","0"
"26127938","0","1","0","0","0","0"
"26127970","0","1","0","0","0","1"
"26128020","","","","","",""
"26128039","0","1","0","0","0","1"
"26128047","0","1","0","0","0","1"
"26128055","0","1","0","0","0","1"
"26128063","0","1","0","0","0","1"
"26128101","0","1","0","0","0","0"
"26128110","0","1","0","0","0","0"
"26128160","0","1","0","0","0","1"
"26128179","0","1","0","0","0","0"
"26128187","0","1","0","0","0","0"
"26128195","0","1","0","0","0","0"
"26128233","0","1","0","0","0","0"
"26128250","0","1","0","0","0","0"
"26128268","0","1","0","0","0","0"
"26128314","0","1","0","0","0","0"
"26128322","0","1","0","0","0","0"
"26128357","","","","","",""
"26128390","0","1","0","0","0","0"
"26128403","0","1","0","0","0","0"
"26128420","0","1","0","0","0","0"
"26128454","0","1","0","0","0","0"
"26128462","0","1","0","0","0","0"
"26128497","0","1","0","0","0","0"
"26128527","0","1","0","0","0","0"
"26128560","0","1","0","0","0","1"
"26128586","0","1","0","0","0","1"
"26128594","0","1","0","0","0","1"
"26128616","0","1","0","0","0","1"
"26128624","0","1","0","0","0","0"
"26128640","0","1","0","0","0","0"
"26128659","0","1","0","0","0","0"
"26128705","0","1","0","0","0","0"
"26128721","0","1","0","0","0","1"
"26128748","0","1","0","0","0","0"
"26128764","0","1","0","0","0","1"
"26128772","0","1","0","0","0","1"
"26128780","0","1","0","0","0","0"
"26128810","","","","","",""
"26128829","0","1","0","0","0","0"
"26128837","0","1","0","0","0","1"
"26128845","0","1","0","0","0","0"
"26128853","0","1","0","0","0","1"
"26128870","0","1","0","0","0","1"
"26128888","0","1","0","0","0","0"
"26128926","0","1","0","0","0","0"
"26128934","0","1","0","0","0","0"
"26128950","0","1","0","0","0","0"
"26132176","0","1","0","0","0","1"
"26132249","0","1","0","0","0","0"
"26132267","0","1","0","0","0","0"
"26132362","","","","","",""
"26132540","0","1","0","0","0","0"
"26132635","0","1","0","0","0","0"
"26132643","0","1","0","0","0","0"
"26132680","0","1","0","0","0","0"
"26133040","","","","","",""
"26133083","0","1","0","0","0","0"
"26133199","0","1","0","0","0","0"
"26133202","0","1","0","0","0","0"
"26133389","0","1","0","0","0","1"
"26133482","0","1","0","0","0","1"
"26133622","0","1","0","0","0","1"
"26133652","0","1","0","0","0","1"
"26133725","0","1","0","0","0","1"
"26133776","0","1","0","0","0","1"
"26133837","0","1","0","0","0","0"
"26133857","","","","","",""
"26134002","0","1","0","0","0","0"
"26134010","0","1","0","0","0","0"
"26134049","0","1","0","0","0","0"
"26134057","0","1","0","0","0","1"
"26134067","0","1","0","0","0","1"
"26134109","","","","","",""
"26134177","0","1","0","0","0","0"
"26134180","0","1","0","0","0","0"
"26134350","0","1","0","0","0","0"
"26134379","0","1","0","0","0","0"
"26134608","0","1","0","0","0","1"
"26135396","0","1","0","0","0","0"
"26136162","0","1","0","0","0","0"
"26136269","0","1","0","0","0","0"
"26136300","0","1","0","0","0","0"
"26136335","0","1","0","0","0","0"
"26136422","","","","","",""
"26136430","0","1","0","0","0","0"
"26137447","","","","","",""
"26137631","0","1","0","0","0","1"
"26137810","0","1","0","0","0","1"
"26137992","0","1","0","0","0","0"
"26138948","0","1","0","0","0","1"
"26139090","0","1","0","0","0","0"
"26139189","0","1","0","0","0","0"
"26139421","","","","","",""
"26139588","0","1","0","1","1","1"
"26139618","0","1","0","0","0","1"
"26139642","0","1","0","0","0","0"
"26139677","","","","","",""
"26139685","0","1","0","0","0","1"
"26139723","0","1","0","0","0","0"
"26139782","0","1","0","0","0","1"
"26139820","0","1","0","0","0","0"
"26139839","","","","","",""
"26139847","0","1","0","0","0","1"
"26139863","","","","","",""
"26140047","","","","","",""
"26140195","0","1","0","0","0","1"
"26140802","0","1","0","0","0","1"
"26140810","","","","","",""
"26140837","0","1","0","0","0","0"
"26140853","","","","","",""
"26140870","0","1","0","0","0","0"
"26140896","","","","","",""
"26140900","","","","","",""
"26140977","0","1","0","0","0","0"
"26141000","0","1","0","0","0","1"
"26141019","0","1","0","0","0","0"
"26142988","0","1","0","0","0","0"
"26143097","0","1","0","0","0","1"
"26143100","0","1","0","0","0","0"
"26143135","0","1","0","0","0","0"
"26143143","0","1","0","0","0","0"
"26143178","0","1","0","0","0","1"
"26143186","0","1","0","0","0","1"
"26143232","0","1","0","0","0","0"
"26143240","","","","","",""
"26143291","","","","","",""
"26143313","0","1","0","0","0","1"
"26143321","","","","","",""
"26143330","0","1","0","0","0","0"
"26143399","","","","","",""
"26143470","0","1","0","0","0","1"
"26143534","0","1","0","0","0","0"
"26143550","","","","","",""
"26143607","0","1","0","0","0","0"
"26143640","0","1","0","0","0","0"
"26143658","0","1","0","0","0","0"
"26143720","0","1","0","0","0","1"
"26143739","0","1","0","0","0","1"
"26143887","","","","","",""
"26143917","","","","","",""
"26144107","0","1","0","0","0","0"
"26144310","","","","","",""
"26144360","0","1","0","0","0","1"
"26144387","","","","","",""
"26144646","","","","","",""
"26145103","0","1","0","0","0","0"
"26145227","0","1","0","0","0","0"
"26146622","0","1","0","0","0","1"
"26146630","0","1","0","0","0","1"
"26146665","","","","","",""
"26146690","0","1","0","0","0","1"
"26146703","0","1","0","0","0","0"
"26147165","","","","","",""
"26147297","","","","","",""
"26147300","0","1","0","0","0","1"
"26147327","","","","","",""
"26147378","0","1","0","0","0","1"
"26147386","0","1","0","0","0","0"
"26147416","","","","","",""
"26147424","0","1","0","0","0","1"
"26147440","","","","","",""
"26147483","0","1","0","0","0","0"
"26147513","0","1","0","0","0","1"
"26147955","0","1","0","0","0","0"
"26147963","0","1","0","0","0","1"
"26148110","","","","","",""
"26148145","0","1","0","0","0","0"
"26148161","0","1","0","0","0","0"
"26148773","0","1","0","0","0","1"
"26148838","","","","","",""
"26148854","0","1","0","0","0","1"
"26148889","","","","","",""
"26148943","0","1","0","0","0","0"
"26148951","0","1","0","0","0","9"
"26148986","0","1","0","0","0","0"
"26149010","0","1","0","0","0","0"
"26149060","0","1","0","0","0","1"
"26149087","0","1","0","0","0","1"
"26149214","0","1","0","0","0","1"
"26149338","0","1","0","0","0","0"
"26149370","0","1","0","0","0","0"
"26149389","0","1","0","0","0","1"
"26149400","0","1","0","0","0","0"
"26149435","0","1","0","0","0","0"
"26149443","0","1","0","0","0","0"
"26149737","0","1","0","0","0","0"
"26149753","0","1","0","0","0","0"
"26149761","0","1","0","0","0","0"
"26149770","0","1","0","0","0","0"
"26149788","0","1","0","0","0","1"
"26149796","0","1","0","0","0","1"
"26149800","0","1","0","0","0","0"
"26149818","0","0","0","0","0","0"
"26149826","0","1","0","0","0","0"
"26149834","0","1","0","0","0","0"
"26149842","0","1","0","0","0","0"
"26149850","0","1","0","0","0","0"
"26149869","0","1","0","0","0","0"
"26149923","0","1","0","0","0","0"
"26149931","0","1","0","0","0","0"
"26152568","","","","","",""
"26152606","0","1","0","0","0","9"
"26152630","0","1","0","0","0","0"
"26152657","","","","","",""
"26152665","","","","","",""
"26152681","0","1","0","0","0","1"
"26152711","","","","","",""
"26152770","","","","","",""
"26152789","","","","","",""
"26152819","0","1","0","0","0","1"
"26152843","0","1","0","0","0","0"
"26152894","0","1","0","0","0","0"
"26152959","0","1","0","0","0","0"
"26152967","","","","","",""
"26153050","0","1","0","0","0","0"
"26153068","0","1","0","0","0","0"
"26153084","0","1","0","0","0","0"
"26153092","","","","","",""
"26153114","0","1","0","0","0","0"
"26153122","0","1","0","0","0","0"
"26153130","0","1","0","0","0","0"
"26153149","","","","","",""
"26153246","0","1","0","0","0","0"
"26153254","0","1","0","0","0","1"
"26153262","0","1","0","0","0","0"
"26153270","0","1","0","0","0","0"
"26153297","0","1","0","0","0","1"
"26153300","0","1","0","0","0","0"
"26153319","0","1","0","0","0","1"
"26153335","0","1","0","0","0","0"
"26153343","0","1","0","0","0","1"
"26153351","0","1","0","0","0","0"
"26153386","0","1","0","0","0","1"
"26153394","0","1","0","0","0","1"
"26153408","0","1","0","0","0","0"
"26153416","0","1","0","0","0","0"
"26153424","0","1","0","0","0","1"
"26153440","0","1","0","0","0","0"
"26153467","0","1","0","0","0","0"
"26153475","0","1","0","0","0","1"
"26153491","0","1","0","0","0","0"
"26153521","0","1","0","0","0","0"
"26153556","0","1","0","0","0","0"
"26153599","0","1","0","0","0","0"
"26153688","0","1","0","0","0","0"
"26153920","0","1","0","0","0","1"
"26153955","0","1","0","0","0","0"
"26153971","","","","","",""
"26153998","0","1","0","0","0","0"
"26154021","0","1","0","0","0","1"
"26154030","0","1","0","0","0","0"
"26154137","0","1","0","0","0","1"
"26154242","","","","","",""
"26154307","","","","","",""
"26154820","0","1","0","0","0","1"
"26154846","0","1","0","0","0","0"
"26155818","0","1","0","0","0","0"
"26155834","0","1","0","0","0","0"
"26155850","0","1","0","0","0","0"
"26155869","0","1","0","0","0","0"
"26156024","0","1","0","0","0","0"
"26156032","","","","","",""
"26156059","","","","","",""
"26156067","0","1","0","0","0","0"
"26156075","0","1","0","0","0","1"
"26156105","0","1","0","0","0","0"
"26156202","0","1","0","0","0","1"
"26156610","0","1","0","0","0","0"
"26156628","0","1","0","0","0","0"
"26156652","","","","","",""
"26156660","","","","","",""
"26156695","0","1","0","0","0","0"
"26156709","0","1","0","0","0","1"
"26156725","0","1","0","0","0","0"
"26156733","0","1","0","0","0","1"
"26156741","0","1","0","0","0","1"
"26156750","0","1","0","0","0","0"
"26156776","0","1","0","0","0","0"
"26156784","0","1","0","0","0","0"
"26156792","0","1","0","0","0","0"
"26156806","0","1","0","0","0","0"
"26156849","0","1","0","0","0","0"
"26156857","0","1","0","0","0","0"
"26157420","0","1","0","0","0","0"
"26157454","0","1","0","0","0","0"
"26157462","0","1","0","0","0","0"
"26157489","0","0","0","0","1","0"
"26157527","0","1","0","0","0","0"
"26157543","0","1","0","0","0","1"
"26157551","0","1","0","0","0","0"
"26157560","0","1","0","0","0","0"
"26157578","0","1","0","0","0","0"
"26157640","","","","","",""
"26157845","0","1","0","0","0","0"
"26157888","0","1","0","0","0","0"
"26157977","","","","","",""
"26157985","0","1","0","0","0","1"
"26158124","","","","","",""
"26158280","0","1","0","0","0","0"
"26158299","0","1","0","0","0","0"
"26158302","0","1","0","0","0","1"
"26158310","0","1","0","0","0","0"
"26158329","0","1","0","0","0","0"
"26158361","","","","","",""
"26158370","0","1","0","0","0","1"
"26158400","0","1","0","0","0","0"
"26158701","0","1","0","0","0","0"
"26158752","0","1","0","0","0","1"
"26159392","","","","","",""
"26159406","","","","","",""
"26159724","0","1","0","0","0","1"
"26159856","0","1","0","0","0","1"
"26159910","","","","","",""
"26159929","","","","","",""
"26159953","","","","","",""
"26159961","","","","","",""
"26159996","","","","","",""
"26160064","","","","","",""
"26160072","","","","","",""
"26160099","","","","","",""
"26160102","","","","","",""
"26160153","","","","","",""
"26160161","","","","","",""
"26160170","","","","","",""
"26160188","","","","","",""
"26160196","0","1","0","0","0","0"
"26160242","","","","","",""
"26160285","","","","","",""
"26160307","0","1","0","0","0","0"
"26160331","","","","","",""
"26160340","0","1","0","0","0","0"
"26161036","0","1","0","0","0","0"
"26161109","","","","","",""
"26161141","","","","","",""
"26161931","","","","","",""
"26161982","","","","","",""
"26162016","0","1","0","0","0","0"
"26162032","","","","","",""
"26162040","","","","","",""
"26162075","0","1","0","0","0","1"
"26162199","0","1","0","0","0","0"
"26162202","","","","","",""
"26162822","0","1","0","0","0","0"
"26162865","","","","","",""
"26162911","","","","","",""
"26162946","","","","","",""
"26163039","0","1","0","0","0","1"
"26163080","","","","","",""
"26163101","","","","","",""
"26163179","","","","","",""
"26163209","","","","","",""
"26163225","0","1","0","0","0","0"
"26163373","","","","","",""
"26163381","","","","","",""
"26163403","0","1","0","0","0","0"
"26163438","","","","","",""
"26163462","0","1","0","0","0","0"
"26163497","","","","","",""
"26163535","","","","","",""
"26163586","","","","","",""
"26163624","0","1","0","0","0","1"
"26163667","","","","","",""
"26163705","","","","","",""
"26163730","0","1","0","0","0","0"
"26163780","0","1","0","0","0","0"
"26163870","","","","","",""
"26163900","","","","","",""
"26163926","","","","","",""
"26164060","0","1","0","0","0","1"
"26164116","","","","","",""
"26164230","","","","","",""
"26164329","","","","","",""
"26164361","0","1","0","0","0","1"
"26164388","0","1","0","0","0","1"
"26164655","","","","","",""
"26164698","0","1","0","0","0","0"
"26164701","0","1","0","0","0","0"
"26164736","0","1","0","0","0","0"
"26165155","","","","","",""
"26165309","","","","","",""
"26165333","","","","","",""
"26166402","","","","","",""
"26166593","0","1","0","0","0","0"
"26166607","0","1","0","0","0","1"
"26166623","0","1","0","0","0","0"
"26166631","0","1","0","0","0","1"
"26166640","0","1","0","0","0","0"
"26166658","0","1","0","0","0","1"
"26166666","0","1","0","0","0","0"
"26166690","0","1","0","0","0","0"
"26166801","","","","","",""
"26166879","","","","","",""
"26166887","","","","","",""
"26166895","0","1","0","0","0","0"
"26166909","0","1","0","0","0","1"
"26166941","0","1","0","0","0","0"
"26166976","0","1","0","0","0","9"
"26166984","0","1","0","0","0","0"
"26167000","0","1","0","0","0","1"
"26167034","0","1","0","0","0","0"
"26167085","0","1","0","0","0","1"
"26167093","0","1","0","0","0","1"
"26167107","0","1","0","0","0","1"
"26167115","0","1","0","0","0","0"
"26167123","0","1","0","0","0","0"
"26167794","","","","","",""
"26167808","0","1","0","0","0","0"
"26167840","0","1","0","0","0","0"
"26167859","0","1","0","0","0","1"
"26167867","","","","","",""
"26167891","0","1","0","0","0","0"
"26167913","0","1","0","0","0","0"
"26167948","","","","","",""
"26167964","","","","","",""
"26167980","0","1","0","0","0","1"
"26168006","","","","","",""
"26168014","0","1","0","0","0","0"
"26168073","0","1","0","0","0","1"
"26168111","0","1","0","0","0","0"
"26168120","0","1","0","0","0","0"
"26168138","0","1","0","0","0","0"
"26168154","0","1","0","0","0","1"
"26168162","","","","","",""
"26168170","0","1","0","0","0","0"
"26168197","","","","","",""
"26168227","0","1","0","0","0","0"
"26168863","0","1","0","0","0","1"
"26168871","0","1","0","0","0","0"
"26170310","","","","","",""
"26170329","","","","","",""
"26170337","0","1","0","0","0","0"
"26170345","","","","","",""
"26170400","0","1","0","0","0","0"
"26170418","","","","","",""
"26170450","0","1","0","0","0","1"
"26170469","0","1","0","0","0","1"
"26170477","0","1","0","0","0","1"
"26170485","0","1","0","0","0","0"
"26170493","0","1","0","0","0","1"
"26170507","0","1","0","0","0","1"
"26170515","0","1","0","0","0","0"
"26170531","0","1","0","0","0","1"
"26170639","0","1","0","0","0","0"
"26170647","0","1","0","0","0","1"
"26170663","0","1","0","0","0","0"
"26170671","0","1","0","0","0","0"
"26170710","0","1","0","0","0","0"
"26170728","0","1","0","0","0","0"
"26170736","0","1","0","0","0","1"
"26170744","0","1","0","0","0","0"
"26170779","0","1","0","0","0","0"
"26170795","0","1","0","0","0","0"
"26171643","0","1","0","0","0","0"
"26171651","0","1","0","0","0","0"
"26171660","0","1","0","0","0","0"
"26171678","0","1","0","0","0","0"
"26171716","0","1","0","0","0","0"
"26171724","0","1","0","0","0","0"
"26171732","0","1","0","0","0","1"
"26171740","0","1","0","0","0","1"
"26171767","0","1","0","0","1","1"
"26172712","0","1","0","0","0","0"
"26172720","0","1","0","0","0","1"
"26172739","0","1","0","0","0","0"
"26172852","0","1","0","0","0","0"
"26172860","0","1","0","0","0","1"
"26173042","","","","","",""
"26173050","","","","","",""
"26173077","0","1","0","0","0","0"
"26173085","0","1","0","0","0","0"
"26173107","0","1","0","0","0","0"
"26173131","0","1","0","0","0","0"
"26173140","0","1","0","0","0","0"
"26173158","0","1","0","0","0","1"
"26173166","","","","","",""
"26173174","","","","","",""
"26173182","","","","","",""
"26173190","0","1","0","0","0","1"
"26173204","","","","","",""
"26173212","0","1","0","0","0","1"
"26173220","0","1","0","0","0","9"
"26173255","0","1","0","0","0","0"
"26173271","0","1","0","0","0","0"
"26173280","0","1","0","0","0","0"
"26173298","0","1","0","0","0","0"
"26173301","0","1","0","0","0","1"
"26173310","0","1","0","0","0","1"
"26173328","0","1","0","0","0","1"
"26173336","0","1","0","0","0","0"
"26173352","0","1","0","0","0","1"
"26173379","","","","","",""
"26173387","0","1","0","0","0","1"
"26173409","","","","","",""
"26173425","","","","","",""
"26175339","0","1","0","0","0","1"
"26175347","0","1","0","0","0","1"
"26175355","0","1","0","0","0","0"
"26175363","0","1","0","0","0","0"
"26175371","0","1","0","0","0","0"
"26175380","0","1","0","0","0","0"
"26175398","0","1","0","0","0","0"
"26175525","","","","","",""
"26175878","0","1","0","0","0","0"
"26175908","0","1","0","0","0","0"
"26175940","0","1","0","0","0","0"
"26175975","","","","","",""
"26176238","0","1","0","0","0","0"
"26176378","","","","","",""
"26176386","","","","","",""
"26176394","","","","","",""
"26176424","0","1","0","0","0","1"
"26176432","0","1","0","0","0","0"
"26176459","","","","","",""
"26176467","","","","","",""
"26176483","0","1","0","0","0","0"
"26176491","0","1","0","0","0","1"
"26176505","0","1","0","0","0","1"
"26176513","","","","","",""
"26176521","","","","","",""
"26176530","","","","","",""
"26176548","0","1","0","0","0","1"
"26176556","","","","","",""
"26176564","0","1","0","0","0","0"
"26176572","0","1","0","0","0","1"
"26176580","0","1","0","0","0","9"
"26176599","","","","","",""
"26176602","0","1","0","0","0","0"
"26176629","0","1","0","0","0","0"
"26176637","0","1","0","0","0","1"
"26176653","0","1","0","0","0","0"
"26176661","","","","","",""
"26176670","","","","","",""
"26176688","","","","","",""
"26176700","","","","","",""
"26176718","","","","","",""
"26176726","0","1","0","0","0","1"
"26176742","0","1","0","0","0","1"
"26176769","","","","","",""
"26176793","","","","","",""
"26176807","0","1","0","0","0","0"
"26177714","0","1","0","0","0","0"
"26177820","0","1","0","0","0","0"
"26177870","0","1","0","0","0","1"
"26177919","","","","","",""
"26177951","0","1","0","0","0","0"
"26177960","0","1","0","0","0","0"
"26177978","0","1","0","0","0","0"
"26178060","0","1","0","0","0","0"
"26178133","0","1","0","0","0","0"
"26178141","","","","","",""
"26178150","0","1","0","0","0","0"
"26178206","0","1","0","0","0","0"
"26178230","0","1","0","0","0","0"
"26178249","","","","","",""
"26178257","","","","","",""
"26178265","0","1","0","0","0","0"
"26178273","0","1","0","0","0","0"
"26178281","0","1","0","0","0","1"
"26178311","0","1","0","0","0","0"
"26178419","0","1","0","0","0","0"
"26178974","0","1","0","0","0","0"
"26179016","0","1","0","0","0","0"
"26179059","0","1","0","0","0","1"
"26179067","","","","","",""
"26179075","","","","","",""
"26179091","","","","","",""
"26179121","","","","","",""
"26179296","","","","","",""
"26179318","","","","","",""
"26179580","","","","","",""
"26179598","0","1","0","0","0","0"
"26179610","0","1","0","0","0","0"
"26179628","0","1","0","0","0","0"
"26179857","0","1","0","0","0","0"
"26179989","0","1","0","0","0","0"
"26180197","0","1","0","0","0","1"
"26180200","0","1","0","0","0","0"
"26180685","0","1","0","0","0","0"
"26180804","0","1","0","0","0","1"
"26180863","0","1","0","0","0","0"
"26181134","","","","","",""
"26181142","0","1","0","0","0","0"
"26181150","0","1","0","0","0","0"
"26181231","0","1","0","0","0","1"
"26181258","0","1","0","0","0","1"
"26181266","0","1","0","0","0","1"
"26181274","0","1","0","0","0","0"
"26181363","0","1","0","0","0","0"
"26181428","0","1","0","0","0","0"
"26181681","0","1","0","0","0","0"
"26181703","0","1","0","0","0","0"
"26181711","0","1","0","0","0","0"
"26181762","","","","","",""
"26181797","0","1","0","0","0","0"
"26181819","","","","","",""
"26181835","0","1","0","0","0","0"
"26181932","0","1","0","0","0","0"
"26181940","0","1","0","0","0","0"
"26182530","","","","","",""
"26182548","","","","","",""
"26182629","0","1","0","0","0","0"
"26182734","0","1","0","0","0","0"
"26182777","0","1","0","0","0","0"
"26182793","0","1","0","0","0","1"
"26182815","0","1","0","0","0","0"
"26182823","0","1","0","0","0","0"
"26182831","0","1","0","0","0","1"
"26182858","0","1","0","0","0","1"
"26182866","","","","","",""
"26182874","","","","","",""
"26182882","0","1","0","0","0","0"
"26183013","","","","","",""
"26183021","0","1","0","0","0","1"
"26183196","0","1","0","0","0","0"
"26183269","0","1","0","0","0","1"
"26183277","0","1","0","0","0","1"
"26183285","0","1","0","0","0","0"
"26183323","0","1","0","0","0","0"
"26183625","","","","","",""
"26183633","","","","","",""
"26183641","","","","","",""
"26183650","","","","","",""
"26183668","","","","","",""
"26183676","","","","","",""
"26183684","","","","","",""
"26183692","","","","","",""
"26183765","","","","","",""
"26184028","0","1","0","0","0","1"
"26184079","0","1","0","0","0","1"
"26184141","0","1","0","0","0","0"
"26184290","","","","","",""
"26184583","","","","","",""
"26184613","","","","","",""
"26184621","0","1","0","0","0","1"
"26184648","0","1","0","0","0","1"
"26184672","","","","","",""
"26184877","0","1","0","0","0","0"
"26184958","","","","","",""
"26185067","0","1","0","0","0","0"
"26185130","0","1","0","0","0","1"
"26185148","0","1","0","0","0","1"
"26185180","0","1","0","0","0","0"
"26185237","","","","","",""
"26185334","","","","","",""
"26185369","","","","","",""
"26185644","0","1","0","0","0","0"
"26185679","0","1","0","0","0","1"
"26185792","0","1","0","0","0","0"
"26185920","0","1","0","0","0","1"
"26186055","0","1","0","0","0","0"
"26186241","0","1","0","0","0","0"
"26186276","","","","","",""
"26186322","0","1","0","0","0","0"
"26186330","0","1","0","0","0","1"
"26186381","","","","","",""
"26186659","0","1","0","0","0","1"
"26186683","0","1","0","0","0","1"
"26186691","0","1","0","0","0","1"
"26186870","","","","","",""
"26186926","0","1","0","0","0","0"
"26186942","0","1","0","0","0","1"
"26187086","","","","","",""
"26187108","","","","","",""
"26187310","0","1","0","0","0","1"
"26187353","0","1","0","0","0","1"
"26187400","0","1","0","0","0","0"
"26187434","0","1","0","0","0","0"
"26187485","0","1","0","0","0","0"
"26187507","0","1","0","0","0","0"
"26187515","","","","","",""
"26187604","0","1","0","0","0","0"
"26187612","0","1","0","0","0","0"
"26187655","0","1","0","0","0","1"
"26187671","0","1","0","0","0","0"
"26187680","0","1","0","0","0","0"
"26187728","","","","","",""
"26187744","0","1","0","0","0","1"
"26187752","","","","","",""
"26187787","0","1","0","0","0","0"
"26187833","0","1","0","0","0","1"
"26187850","0","1","0","0","0","1"
"26187868","0","1","0","0","0","1"
"26187876","0","1","0","0","0","1"
"26187884","0","1","0","0","0","0"
"26187914","0","1","0","0","0","1"
"26187949","","","","","",""
"26187957","0","1","0","0","0","0"
"26188015","","","","","",""
"26188023","0","1","0","0","0","1"
"26188040","0","1","0","0","0","0"
"26188260","0","1","0","0","0","0"
"26188287","0","1","0","0","0","1"
"26188295","0","1","0","0","0","0"
"26188368","0","1","0","0","0","0"
"26188473","0","1","0","0","0","0"
"26188481","0","1","0","0","0","0"
"26188627","0","1","0","0","0","1"
"26188635","0","1","0","0","0","0"
"26188856","0","1","0","0","0","0"
"26188953","","","","","",""
"26189020","0","1","0","0","0","0"
"26189038","0","1","0","0","0","1"
"26189046","0","1","0","0","0","1"
"26189224","0","1","0","0","0","0"
"26189259","0","1","0","0","0","0"
"26189402","0","1","0","0","0","0"
"26189410","0","1","0","0","0","1"
"26189445","0","1","0","0","0","1"
"26189453","0","1","0","0","0","1"
"26189470","0","1","0","0","0","1"
"26189496","0","1","0","0","0","9"
"26189500","0","1","0","0","0","1"
"26189569","0","1","0","0","0","1"
"26190060","0","1","0","0","0","0"
"26190079","0","1","0","0","0","0"
"26190087","0","1","0","0","0","1"
"26190249","0","1","0","0","0","0"
"26190257","0","1","0","0","0","1"
"26190362","0","1","0","0","0","1"
"26190443","0","1","0","0","0","1"
"26190451","0","1","0","0","0","1"
"26190567","0","1","0","0","0","0"
"26190575","0","1","0","0","0","0"
"26190656","0","1","0","0","0","1"
"26190800","0","1","0","0","0","1"
"26190818","0","1","0","0","0","1"
"26190915","0","1","0","0","0","1"
"26190923","0","1","0","0","0","1"
"26190931","0","1","0","0","0","1"
"26190940","0","1","0","0","0","0"
"26191008","0","1","0","0","0","1"
"26191113","0","1","0","0","0","0"
"26191202","0","1","0","0","0","0"
"26191415","0","1","0","0","0","0"
"26191474","0","1","0","0","0","1"
"26191539","0","1","0","0","0","1"
"26191601","0","1","0","0","0","0"
"26191679","0","1","0","0","0","0"
"26191687","0","1","0","0","0","1"
"26191695","0","1","0","0","0","0"
"26191814","0","1","0","0","0","0"
"26191822","0","1","0","0","0","0"
"26191857","0","1","0","0","0","0"
"26191865","0","1","0","0","0","1"
"26191903","0","1","0","0","0","1"
"26191911","0","1","0","0","0","1"
"26197405","0","1","0","0","0","1"
"26197600","0","1","0","0","0","1"
"26205602","0","1","0","0","0","1"
"26206200","","","","","",""
"26212200","0","1","0","0","0","1"
"26212404","0","1","0","0","0","0"
"26212412","0","1","0","0","0","0"
"26212609","0","1","0","0","0","0"
"26214016","","","","","",""
"26218003","0","1","0","0","0","1"
"26218208","0","1","0","0","0","1"
"26218402","0","1","0","0","0","0"
"26230607","0","1","0","0","0","0"
"26230615","0","1","0","0","0","1"
"26252600","0","1","0","0","0","0"
"26288605","0","1","0","0","0","0"
"26289601","0","1","0","0","0","1"
"26309610","0","1","0","0","0","0"
"26361612","0","1","0","0","0","1"
"26399636","0","1","0","0","0","1"
"26407612","","","","","",""
"26408635","","","","","",""
"26413779","0","1","0","0","0","1"
"26419718","0","1","0","0","0","1"
"26419726","0","1","0","0","0","0"
"26419734","0","1","0","0","0","0"
"26419742","0","1","0","0","0","0"
"26427710","0","1","0","0","0","0"
"26435713","0","1","0","0","0","0"
"26438720","","","","","",""
"26440733","0","1","0","0","0","1"
"26443716","0","1","0","0","0","0"
"26445727","0","1","0","0","0","0"
"26450712","","","","","",""
"26450720","","","","","",""
"26455714","0","1","0","0","0","1"
"26457741","0","1","0","0","0","0"
"26457776","0","1","0","1","1","1"
"26460718","","","","","",""
"26463733","0","1","0","0","0","0"
"26463741","","","","","",""
"26464713","0","1","0","0","0","0"
"26464730","0","1","0","0","0","9"
"26464748","0","1","0","0","0","0"
"26464756","","","","","",""
"26464764","","","","","",""
"26465710","","","","","",""
"26465736","0","1","0","0","0","0"
"26465744","","","","","",""
"26466724","","","","","",""
"26468719","0","1","0","0","0","1"
"26469715","","","","","",""
"26470713","0","1","0","0","0","1"
"26473712","","","","","",""
"26474727","0","1","0","0","0","1"
"26475715","0","1","0","0","0","0"
"26478714","0","1","0","0","0","0"
"26480719","","","","","",""
"26482711","0","1","0","0","0","1"
"26482720","0","1","0","0","0","1"
"26483718","0","1","0","0","0","0"
"26484714","0","1","0","0","0","1"
"26485710","","","","","",""
"26485729","0","1","0","0","0","0"
"26486717","0","1","0","0","0","1"
"26488728","","","","","",""
"26489716","0","1","0","0","0","9"
"26489732","","","","","",""
"26491710","0","1","0","0","0","1"
"26491761","0","1","0","0","0","0"
"26492741","0","1","0","0","0","1"
"26493721","0","1","0","0","0","1"
"26493764","0","1","0","0","0","1"
"26493810","","","","","",""
"26493829","0","1","0","0","0","1"
"26493837","0","1","0","0","0","0"
"26494728","0","1","0","0","0","0"
"26494736","0","1","0","0","0","1"
"26494779","0","1","0","0","0","1"
"26495716","0","1","0","0","0","0"
"26495767","0","1","0","0","0","0"
"26496720","0","1","0","0","0","0"
"26497719","0","1","0","0","0","1"
"26499711","","","","","",""
"26504731","0","1","0","0","0","0"
"26506718","0","1","0","0","0","1"
"26506726","","","","","",""
"26507722","0","1","0","0","0","0"
"26507730","0","1","0","0","0","0"
"26512718","","","","","",""
"26512726","0","1","0","0","0","1"
"26512742","0","1","0","0","0","1"
"26513714","0","1","0","0","0","0"
"26513722","0","1","0","0","0","0"
"26516713","","","","","",""
"26519712","0","1","0","0","0","0"
"26520710","","","","","",""
"26526719","0","1","0","0","0","1"
"26528711","0","1","0","0","0","1"
"26528720","","","","","",""
"26528754","0","1","0","0","0","1"
"26529718","","","","","",""
"26529726","0","1","0","0","0","0"
"26529793","","","","","",""
"26530716","0","1","0","0","0","0"
"26530724","0","1","0","0","0","1"
"26530732","","","","","",""
"26530740","0","1","0","0","0","0"
"26530759","0","1","0","0","0","1"
"26534711","0","1","0","0","0","1"
"26129019","0","1","0","0","0","1"
"26129027","0","1","0","0","0","0"
"26129035","0","1","0","0","0","0"
"26129078","0","1","0","0","0","1"
"26129086","0","1","0","0","1","1"
"26129094","0","1","0","0","0","1"
"26129124","0","1","0","0","0","1"
"26129132","0","1","0","0","0","1"
"26129167","0","1","0","0","0","0"
"26129175","0","1","0","0","0","0"
"26129183","0","1","0","0","0","0"
"26129205","0","1","0","0","0","0"
"26129213","0","0","1","0","0","0"
"26129221","0","0","1","0","0","0"
"26129230","0","1","0","0","0","0"
"26129302","0","1","0","0","0","1"
"26129310","0","0","1","0","0","0"
"26129329","0","1","0","0","0","1"
"26129345","0","1","0","0","0","0"
"26129361","0","1","0","0","0","1"
"26129370","0","1","0","0","0","1"
"26129388","0","1","0","0","0","1"
"26129400","","","","","",""
"26129418","","","","","",""
"26129426","0","1","0","0","0","1"
"26129442","","","","","",""
"26129450","0","1","0","0","0","0"
"26129485","","","","","",""
"26129507","0","1","0","0","0","0"
"26129523","0","1","0","0","0","0"
"26129540","0","1","0","0","0","0"
"26129566","0","1","0","0","1","0"
"26129582","0","1","0","0","0","0"
"26129590","0","1","0","0","0","1"
"26129612","0","1","0","0","0","0"
"26129639","0","1","0","0","0","1"
"26129647","0","1","0","0","0","1"
"26129655","0","1","0","0","0","0"
"26138000","0","1","0","0","0","1"
"26138379","0","1","0","0","0","0"
"26138387","0","1","0","0","0","0"
"26139219","0","1","0","0","0","1"
"26139227","","","","","",""
"26143356","","","","","",""
"26144743","","","","","",""
"26144751","0","1","0","0","0","1"
"26146576","0","0","1","0","0","0"
"26148129","0","1","0","0","0","0"
"26156342","0","1","0","0","0","0"
"26157730","0","1","0","0","0","1"
"26157748","0","1","0","0","0","0"
"26159244","0","1","0","0","0","0"
"26159775","0","1","0","0","0","0"
"26165236","","","","","",""
"26167336","","","","","",""
"26167522","0","1","0","0","0","0"
"26167549","0","0","1","0","0","0"
"26168952","0","1","0","0","0","1"
"26171562","0","1","0","0","0","0"
"26171570","0","1","0","0","0","0"
"26174766","","","","","",""
"26174774","0","1","0","0","0","0"
"26174782","","","","","",""
"26174790","0","1","0","0","0","0"
"26174804","","","","","",""
"26177382","","","","","",""
"26177390","","","","","",""
"26177404","","","","","",""
"26177552","0","1","0","0","0","0"
"26177609","0","0","1","0","0","0"
"26177722","0","1","0","0","0","1"
"26177730","0","1","0","0","0","0"
"26181193","0","1","0","0","0","1"
"26183030","0","1","0","0","0","1"
"26184354","0","1","0","0","0","1"
"26184362","0","1","0","0","0","1"
"26185121","0","1","0","0","0","0"
"26185377","0","1","0","0","0","1"
"26185482","0","0","1","0","0","0"
"26185512","0","1","0","0","0","0"
"26185520","0","1","0","0","0","0"
"26185806","0","1","0","0","0","1"
"26186039","","","","","",""
"26186543","","","","","",""
"26190338","0","1","0","0","0","1"
"26237601","","","","","",""
"26278618","0","1","0","0","0","0"
"26282623","","","","","",""
"26388618","","","","","",""
"26398613","0","1","0","0","0","0"
"26411717","","","","","",""
"26414724","0","1","0","0","0","0"
"26414759","","","","","",""
"26436710","","","","","",""
"26436744","0","1","0","0","0","0"
"26445735","0","1","0","0","0","0"
"26487713","0","1","0","0","0","1"
"26530767","0","1","0","0","0","1"
"26546710","0","1","0","0","0","0"
